date,hour,demand,temp,time_idx,group,d,m,y,holiday,weekend,workday
2021-01-12,7,4.29,23.89,0,a,1,12,2021,1,1,1
2021-01-12,8,2.84,23.89,1,a,1,12,2021,1,1,1
2021-01-12,9,7.44,26.11,2,a,1,12,2021,1,1,1
2021-01-12,11,7.45,27.78,3,a,1,12,2021,1,1,1
2021-01-12,12,11.24,28.89,4,a,1,12,2021,1,1,1
2021-01-12,13,13.85,30.0,5,a,1,12,2021,1,1,1
2021-01-12,14,18.51,30.0,6,a,1,12,2021,1,1,1
2021-01-12,15,11.05,31.11,7,a,1,12,2021,1,1,1
2021-01-12,16,21.28,31.11,8,a,1,12,2021,1,1,1
2021-01-12,17,30.91,30.0,9,a,1,12,2021,1,1,1
2021-01-12,18,11.33,27.22,10,a,1,12,2021,1,1,1
2021-01-12,19,10.14,25.0,11,a,1,12,2021,1,1,1
2021-08-12,6,5.33,17.22,12,a,8,12,2021,1,1,1
2021-08-12,7,4.41,17.22,13,a,8,12,2021,1,1,1
2021-08-12,8,2.72,21.11,14,a,8,12,2021,1,1,1
2021-08-12,9,1.99,22.78,15,a,8,12,2021,1,1,1
2021-08-12,10,2.54,25.0,16,a,8,12,2021,1,1,1
2021-08-12,11,4.5,27.22,17,a,8,12,2021,1,1,1
2021-08-12,12,4.9,27.78,18,a,8,12,2021,1,1,1
2021-08-12,13,4.64,27.78,19,a,8,12,2021,1,1,1
2021-08-12,14,2.83,27.78,20,a,8,12,2021,1,1,1
2021-08-12,15,5.38,28.89,21,a,8,12,2021,1,1,1
2021-08-12,16,9.07,27.78,22,a,8,12,2021,1,1,1
2021-08-12,17,11.39,27.78,23,a,8,12,2021,1,1,1
2021-08-12,18,9.08,26.11,24,a,8,12,2021,1,1,1
2021-08-12,19,8.1,22.78,25,a,8,12,2021,1,1,1
2021-08-12,20,6.38,22.22,26,a,8,12,2021,1,1,1
2021-09-12,6,5.07,18.89,27,a,9,12,2021,1,0,0
2021-09-12,7,4.5,18.89,28,a,9,12,2021,1,0,0
2021-09-12,8,3.61,21.11,29,a,9,12,2021,1,0,0
2021-09-12,9,2.43,22.78,30,a,9,12,2021,1,0,0
2021-09-12,10,4.54,25.0,31,a,9,12,2021,1,0,0
2021-09-12,11,4.71,27.22,32,a,9,12,2021,1,0,0
2021-09-12,12,8.78,28.89,33,a,9,12,2021,1,0,0
2021-09-12,13,5.63,28.89,34,a,9,12,2021,1,0,0
2021-09-12,14,5.91,31.11,35,a,9,12,2021,1,0,0
2021-09-12,15,15.14,31.11,36,a,9,12,2021,1,0,0
2021-09-12,16,22.61,31.11,37,a,9,12,2021,1,0,0
2021-09-12,17,23.09,28.89,38,a,9,12,2021,1,0,0
2021-09-12,18,14.22,27.22,39,a,9,12,2021,1,0,0
2021-09-12,19,10.03,26.11,40,a,9,12,2021,1,0,0
2021-09-12,20,8.87,23.89,41,a,9,12,2021,1,0,0
2021-10-12,6,6.03,21.11,42,a,10,12,2021,1,1,1
2021-10-12,7,5.72,22.22,43,a,10,12,2021,1,1,1
2021-10-12,8,2.39,23.89,44,a,10,12,2021,1,1,1
2021-10-12,9,3.18,27.22,45,a,10,12,2021,1,1,1
2021-10-12,10,8.73,27.78,46,a,10,12,2021,1,1,1
2021-10-12,11,7.29,30.0,47,a,10,12,2021,1,1,1
2021-10-12,12,10.44,30.0,48,a,10,12,2021,1,1,1
2021-10-12,13,9.76,31.11,49,a,10,12,2021,1,1,1
2021-10-12,14,6.89,31.11,50,a,10,12,2021,1,1,1
2021-10-12,15,2.4,31.11,51,a,10,12,2021,1,1,1
2021-10-12,16,5.0,31.11,52,a,10,12,2021,1,1,1
2021-10-12,17,10.11,30.0,53,a,10,12,2021,1,1,1
2021-10-12,18,13.33,27.78,54,a,10,12,2021,1,1,1
2021-10-12,19,13.75,26.11,55,a,10,12,2021,1,1,1
2021-10-12,20,13.27,25.0,56,a,10,12,2021,1,1,1
2021-11-12,6,6.08,20.0,57,a,11,12,2021,1,1,1
2021-11-12,7,5.29,21.11,58,a,11,12,2021,1,1,1
2021-11-12,8,2.67,23.89,59,a,11,12,2021,1,1,1
2021-11-12,9,3.02,26.11,60,a,11,12,2021,1,1,1
2021-11-12,10,7.8,27.78,61,a,11,12,2021,1,1,1
2021-11-12,11,6.32,28.89,62,a,11,12,2021,1,1,1
2021-11-12,12,7.89,30.0,63,a,11,12,2021,1,1,1
2021-11-12,13,9.27,31.11,64,a,11,12,2021,1,1,1
2021-11-12,14,6.94,31.11,65,a,11,12,2021,1,1,1
2021-11-12,15,6.11,31.11,66,a,11,12,2021,1,1,1
2021-11-12,16,11.24,32.22,67,a,11,12,2021,1,1,1
2021-11-12,17,12.38,30.0,68,a,11,12,2021,1,1,1
2021-11-12,18,9.52,27.78,69,a,11,12,2021,1,1,1
2021-11-12,19,12.19,27.22,70,a,11,12,2021,1,1,1
2021-11-12,20,10.41,27.22,71,a,11,12,2021,1,1,1
2021-12-12,6,6.48,18.89,72,a,12,12,2021,1,0,0
2021-12-12,7,5.62,20.0,73,a,12,12,2021,1,0,0
2021-12-12,8,2.91,22.78,74,a,12,12,2021,1,0,0
2021-12-12,9,3.98,26.11,75,a,12,12,2021,1,0,0
2021-12-12,10,9.71,27.22,76,a,12,12,2021,1,0,0
2021-12-12,11,13.03,28.89,77,a,12,12,2021,1,0,0
2021-12-12,12,13.9,28.89,78,a,12,12,2021,1,0,0
2021-12-12,13,13.02,30.0,79,a,12,12,2021,1,0,0
2021-12-12,14,10.76,30.0,80,a,12,12,2021,1,0,0
2021-12-12,15,6.53,31.11,81,a,12,12,2021,1,0,0
2021-12-12,16,3.74,31.11,82,a,12,12,2021,1,0,0
2021-12-12,17,9.46,31.11,83,a,12,12,2021,1,0,0
2021-12-12,18,8.9,27.22,84,a,12,12,2021,1,0,0
2021-12-12,19,10.21,25.0,85,a,12,12,2021,1,0,0
2021-12-13,15,4.62,30.0,86,a,13,12,2021,1,1,1
2021-12-13,16,21.47,31.11,87,a,13,12,2021,1,1,1
2021-12-13,17,22.12,28.89,88,a,13,12,2021,1,1,1
2021-12-13,18,16.01,27.22,89,a,13,12,2021,1,1,1
2021-12-13,19,12.22,25.0,90,a,13,12,2021,1,1,1
2021-12-13,20,10.3,23.89,91,a,13,12,2021,1,1,1
2021-12-14,6,4.98,21.11,92,a,14,12,2021,1,1,1
2021-12-14,7,3.79,18.89,93,a,14,12,2021,1,1,1
2021-12-14,8,3.03,22.22,94,a,14,12,2021,1,1,1
2021-12-14,9,3.62,23.89,95,a,14,12,2021,1,1,1
2021-12-14,10,7.62,26.11,96,a,14,12,2021,1,1,1
2021-12-14,11,11.64,27.78,97,a,14,12,2021,1,1,1
2021-12-14,14,8.75,30.0,98,a,14,12,2021,1,1,1
2021-12-14,15,15.39,30.0,99,a,14,12,2021,1,1,1
2021-12-14,16,21.8,30.0,100,a,14,12,2021,1,1,1
2021-12-14,17,17.79,28.89,101,a,14,12,2021,1,1,1
2021-12-14,18,13.22,27.22,102,a,14,12,2021,1,1,1
2021-12-15,6,4.67,18.89,103,a,15,12,2021,1,1,1
2021-12-15,7,3.93,18.89,104,a,15,12,2021,1,1,1
2021-12-15,12,7.29,30.0,105,a,15,12,2021,1,1,1
2021-12-15,13,9.69,30.0,106,a,15,12,2021,1,1,1
2021-12-15,14,9.39,30.0,107,a,15,12,2021,1,1,1
2021-12-15,15,13.3,31.11,108,a,15,12,2021,1,1,1
2021-12-15,16,23.49,30.0,109,a,15,12,2021,1,1,1
2021-12-15,17,26.47,30.0,110,a,15,12,2021,1,1,1
2021-12-15,18,13.38,27.22,111,a,15,12,2021,1,1,1
2021-12-15,19,11.73,23.89,112,a,15,12,2021,1,1,1
2021-12-15,20,8.0,22.78,113,a,15,12,2021,1,1,1
2021-12-16,6,5.49,17.78,114,a,16,12,2021,1,1,1
2021-12-16,9,3.93,22.78,115,a,16,12,2021,1,1,1
2021-12-16,10,1.08,25.0,116,a,16,12,2021,1,1,1
2021-12-16,11,9.07,27.78,117,a,16,12,2021,1,1,1
2021-12-16,12,4.83,30.0,118,a,16,12,2021,1,1,1
2021-12-16,13,1.92,31.11,119,a,16,12,2021,1,1,1
2021-12-16,14,16.1,31.11,120,a,16,12,2021,1,1,1
2021-12-16,15,20.58,31.11,121,a,16,12,2021,1,1,1
2021-12-16,16,25.25,31.11,122,a,16,12,2021,1,1,1
2021-12-16,17,22.13,30.0,123,a,16,12,2021,1,1,1
2021-12-16,18,10.95,27.78,124,a,16,12,2021,1,1,1
2021-12-16,19,9.05,26.11,125,a,16,12,2021,1,1,1
2021-12-17,6,3.75,20.0,126,a,17,12,2021,1,1,1
2021-12-17,7,4.56,20.0,127,a,17,12,2021,1,1,1
2021-12-17,8,2.85,21.11,128,a,17,12,2021,1,1,1
2021-12-17,9,4.45,23.89,129,a,17,12,2021,1,1,1
2021-12-17,10,3.72,27.22,130,a,17,12,2021,1,1,1
2021-12-17,11,1.97,28.89,131,a,17,12,2021,1,1,1
2021-12-17,12,1.91,31.11,132,a,17,12,2021,1,1,1
2021-12-17,13,2.98,32.22,133,a,17,12,2021,1,1,1
2021-12-17,14,8.94,32.22,134,a,17,12,2021,1,1,1
2021-12-17,15,16.5,32.22,135,a,17,12,2021,1,1,1
2021-12-17,16,20.47,32.22,136,a,17,12,2021,1,1,1
2021-12-17,17,19.01,30.0,137,a,17,12,2021,1,1,1
2021-12-17,18,14.3,28.89,138,a,17,12,2021,1,1,1
2021-12-17,19,14.08,27.78,139,a,17,12,2021,1,1,1
2021-12-17,20,7.9,27.22,140,a,17,12,2021,1,1,1
2021-12-18,6,5.0,22.22,141,a,18,12,2021,1,0,0
2021-12-18,7,5.03,22.78,142,a,18,12,2021,1,0,0
2021-12-18,8,3.06,23.89,143,a,18,12,2021,1,0,0
2021-12-18,9,1.16,25.0,144,a,18,12,2021,1,0,0
2021-12-19,6,2.17,22.22,145,a,19,12,2021,1,0,0
2021-12-19,7,4.13,21.11,146,a,19,12,2021,1,0,0
2021-12-19,8,2.73,21.11,147,a,19,12,2021,1,0,0
2021-12-19,9,0.15,23.89,148,a,19,12,2021,1,0,0
2021-12-19,10,0.0,25.0,149,a,19,12,2021,1,0,0
2021-12-19,11,0.0,26.11,150,a,19,12,2021,1,0,0
2021-12-19,12,0.0,27.78,151,a,19,12,2021,1,0,0
2021-12-19,13,0.0,27.78,152,a,19,12,2021,1,0,0
2021-12-19,14,0.17,28.89,153,a,19,12,2021,1,0,0
2021-12-19,18,3.28,25.0,154,a,19,12,2021,1,0,0
2021-12-19,19,7.33,23.89,155,a,19,12,2021,1,0,0
2021-12-19,20,6.33,22.22,156,a,19,12,2021,1,0,0
2021-12-20,7,1.31,18.89,157,a,20,12,2021,1,1,1
2021-12-20,8,7.38,20.0,158,a,20,12,2021,1,1,1
2021-12-20,9,8.16,22.22,159,a,20,12,2021,1,1,1
2021-12-20,10,4.08,23.89,160,a,20,12,2021,1,1,1
2021-12-20,11,4.16,25.0,161,a,20,12,2021,1,1,1
2021-12-20,12,2.99,26.11,162,a,20,12,2021,1,1,1
2021-12-20,13,4.87,27.22,163,a,20,12,2021,1,1,1
2021-12-20,14,5.96,27.78,164,a,20,12,2021,1,1,1
2021-12-20,15,7.39,28.89,165,a,20,12,2021,1,1,1
2021-12-20,16,8.56,27.78,166,a,20,12,2021,1,1,1
2021-12-20,17,12.14,27.22,167,a,20,12,2021,1,1,1
2021-12-21,11,42.1,27.22,168,a,21,12,2021,1,1,1
2021-12-21,12,0.02,27.78,169,a,21,12,2021,1,1,1
2021-12-21,13,0.19,27.78,170,a,21,12,2021,1,1,1
2021-12-21,14,1.31,28.89,171,a,21,12,2021,1,1,1
2021-12-21,15,4.14,30.0,172,a,21,12,2021,1,1,1
2021-12-21,16,9.43,28.89,173,a,21,12,2021,1,1,1
2021-12-21,17,11.85,27.78,174,a,21,12,2021,1,1,1
2021-12-21,18,10.91,26.11,175,a,21,12,2021,1,1,1
2021-12-21,19,9.31,20.0,176,a,21,12,2021,1,1,1
2021-12-21,20,7.11,18.89,177,a,21,12,2021,1,1,1
2021-12-23,6,5.61,16.11,178,a,23,12,2021,1,1,1
2021-12-23,7,4.87,16.11,179,a,23,12,2021,1,1,1
2021-12-23,8,4.47,21.11,180,a,23,12,2021,1,1,1
2021-12-23,9,2.33,23.89,181,a,23,12,2021,1,1,1
2021-12-23,10,1.35,27.22,182,a,23,12,2021,1,1,1
2021-12-28,6,5.65,20.0,183,a,28,12,2021,1,1,1
2021-12-28,7,5.44,21.11,184,a,28,12,2021,1,1,1
2021-12-28,8,3.67,23.89,185,a,28,12,2021,1,1,1
2021-12-28,9,3.55,26.11,186,a,28,12,2021,1,1,1
2021-12-28,10,2.06,27.22,187,a,28,12,2021,1,1,1
2021-12-28,11,6.73,27.78,188,a,28,12,2021,1,1,1
2021-12-28,12,3.9,28.89,189,a,28,12,2021,1,1,1
2021-12-28,13,2.21,30.0,190,a,28,12,2021,1,1,1
2021-12-28,14,6.16,30.0,191,a,28,12,2021,1,1,1
2021-12-28,15,15.74,30.0,192,a,28,12,2021,1,1,1
2021-12-28,16,24.06,31.11,193,a,28,12,2021,1,1,1
2021-12-28,17,27.2,28.89,194,a,28,12,2021,1,1,1
2021-12-28,18,18.56,27.78,195,a,28,12,2021,1,1,1
2021-12-28,19,14.22,23.89,196,a,28,12,2021,1,1,1
2021-12-28,20,9.68,22.78,197,a,28,12,2021,1,1,1
2021-12-29,6,6.66,22.22,198,a,29,12,2021,1,1,1
2021-12-29,7,6.2,21.11,199,a,29,12,2021,1,1,1
2021-12-29,8,4.56,23.89,200,a,29,12,2021,1,1,1
2021-12-29,9,4.1,27.22,201,a,29,12,2021,1,1,1
2021-12-29,10,6.65,27.22,202,a,29,12,2021,1,1,1
2021-12-29,11,4.11,30.0,203,a,29,12,2021,1,1,1
2021-12-29,12,16.6,30.0,204,a,29,12,2021,1,1,1
2021-12-29,13,21.47,32.22,205,a,29,12,2021,1,1,1
2021-12-29,14,24.28,32.22,206,a,29,12,2021,1,1,1
2021-12-29,15,30.32,32.22,207,a,29,12,2021,1,1,1
2021-12-29,16,28.07,31.11,208,a,29,12,2021,1,1,1
2021-12-29,17,16.53,30.0,209,a,29,12,2021,1,1,1
2021-12-29,18,10.7,28.89,210,a,29,12,2021,1,1,1
2021-12-29,19,11.37,27.78,211,a,29,12,2021,1,1,1
2021-12-29,20,9.87,26.11,212,a,29,12,2021,1,1,1
2021-12-30,5,6.96,23.89,213,a,30,12,2021,1,1,1
2021-12-30,6,6.86,22.22,214,a,30,12,2021,1,1,1
2021-12-30,7,6.4,21.11,215,a,30,12,2021,1,1,1
2021-12-30,8,4.39,25.0,216,a,30,12,2021,1,1,1
2021-12-30,9,4.77,27.78,217,a,30,12,2021,1,1,1
2021-12-30,10,2.66,28.89,218,a,30,12,2021,1,1,1
2021-12-30,11,1.25,30.0,219,a,30,12,2021,1,1,1
2021-12-30,12,0.15,31.11,220,a,30,12,2021,1,1,1
2021-12-30,13,1.38,31.11,221,a,30,12,2021,1,1,1
2021-12-30,14,0.0,31.11,222,a,30,12,2021,1,1,1
2021-12-30,15,0.13,32.22,223,a,30,12,2021,1,1,1
2021-12-30,16,1.76,32.22,224,a,30,12,2021,1,1,1
2021-12-30,17,5.86,31.11,225,a,30,12,2021,1,1,1
2021-12-30,18,9.34,28.89,226,a,30,12,2021,1,1,1
2021-12-30,19,9.55,27.78,227,a,30,12,2021,1,1,1
2021-12-30,20,8.99,26.11,228,a,30,12,2021,1,1,1
2021-12-31,6,5.74,22.78,229,a,31,12,2021,0,1,0
2021-12-31,7,4.65,22.22,230,a,31,12,2021,0,1,0
2021-12-31,8,2.95,23.89,231,a,31,12,2021,0,1,0
2021-12-31,9,0.23,26.11,232,a,31,12,2021,0,1,0
2021-12-31,10,0.0,27.22,233,a,31,12,2021,0,1,0
2021-12-31,11,0.0,28.89,234,a,31,12,2021,0,1,0
2021-12-31,12,0.0,30.0,235,a,31,12,2021,0,1,0
2021-12-31,13,0.0,30.0,236,a,31,12,2021,0,1,0
2021-12-31,14,0.0,30.0,237,a,31,12,2021,0,1,0
2021-12-31,15,0.0,31.11,238,a,31,12,2021,0,1,0
2021-12-31,16,0.18,31.11,239,a,31,12,2021,0,1,0
2021-12-31,17,2.6,30.0,240,a,31,12,2021,0,1,0
2021-12-31,18,5.74,27.78,241,a,31,12,2021,0,1,0
2021-12-31,19,7.23,26.11,242,a,31,12,2021,0,1,0
2021-12-31,20,7.19,25.0,243,a,31,12,2021,0,1,0
2022-01-01,6,5.47,20.0,244,a,1,1,2022,0,0,0
2022-01-01,7,4.66,18.89,245,a,1,1,2022,0,0,0
2022-01-01,8,2.72,23.89,246,a,1,1,2022,0,0,0
2022-01-01,9,0.26,25.0,247,a,1,1,2022,0,0,0
2022-01-01,10,0.0,27.22,248,a,1,1,2022,0,0,0
2022-01-01,11,0.0,27.78,249,a,1,1,2022,0,0,0
2022-01-01,12,0.0,28.89,250,a,1,1,2022,0,0,0
2022-01-01,13,0.0,28.89,251,a,1,1,2022,0,0,0
2022-01-01,14,0.03,31.11,252,a,1,1,2022,0,0,0
2022-01-01,15,0.01,31.11,253,a,1,1,2022,0,0,0
2022-01-01,16,0.02,31.11,254,a,1,1,2022,0,0,0
2022-01-01,17,2.31,30.0,255,a,1,1,2022,0,0,0
2022-01-01,18,5.56,27.78,256,a,1,1,2022,0,0,0
2022-01-01,19,7.15,27.22,257,a,1,1,2022,0,0,0
2022-01-01,20,6.73,25.0,258,a,1,1,2022,0,0,0
2022-02-01,6,5.34,20.0,259,a,2,1,2022,1,1,1
2022-02-01,7,4.41,18.89,260,a,2,1,2022,1,1,1
2022-02-01,8,2.71,22.22,261,a,2,1,2022,1,1,1
2022-02-01,9,0.11,25.0,262,a,2,1,2022,1,1,1
2022-02-01,10,0.0,26.11,263,a,2,1,2022,1,1,1
2022-02-01,11,0.0,27.78,264,a,2,1,2022,1,1,1
2022-02-01,12,0.0,28.89,265,a,2,1,2022,1,1,1
2022-02-01,13,0.0,30.0,266,a,2,1,2022,1,1,1
2022-02-01,14,0.04,31.11,267,a,2,1,2022,1,1,1
2022-02-01,15,0.73,30.0,268,a,2,1,2022,1,1,1
2022-02-01,16,0.06,30.0,269,a,2,1,2022,1,1,1
2022-02-01,17,1.47,28.89,270,a,2,1,2022,1,1,1
2022-02-01,18,5.13,27.78,271,a,2,1,2022,1,1,1
2022-02-01,19,6.32,26.11,272,a,2,1,2022,1,1,1
2022-02-01,20,6.48,23.89,273,a,2,1,2022,1,1,1
2022-03-01,6,5.42,20.0,274,a,3,1,2022,1,1,1
2022-03-01,7,5.14,18.89,275,a,3,1,2022,1,1,1
2022-03-01,8,4.21,22.22,276,a,3,1,2022,1,1,1
2022-03-01,9,0.26,23.89,277,a,3,1,2022,1,1,1
2022-03-01,10,0.0,27.22,278,a,3,1,2022,1,1,1
2022-03-01,11,0.0,27.78,279,a,3,1,2022,1,1,1
2022-03-01,12,0.0,28.89,280,a,3,1,2022,1,1,1
2022-03-01,13,0.0,28.89,281,a,3,1,2022,1,1,1
2022-03-01,14,0.0,30.0,282,a,3,1,2022,1,1,1
2022-03-01,15,0.0,30.0,283,a,3,1,2022,1,1,1
2022-03-01,16,0.07,30.0,284,a,3,1,2022,1,1,1
2022-03-01,17,2.21,28.89,285,a,3,1,2022,1,1,1
2022-03-01,18,5.32,27.22,286,a,3,1,2022,1,1,1
2022-03-01,19,7.16,25.0,287,a,3,1,2022,1,1,1
2022-03-01,20,8.66,23.89,288,a,3,1,2022,1,1,1
2022-04-01,6,5.57,20.0,289,a,4,1,2022,1,1,1
2022-04-01,7,5.11,18.89,290,a,4,1,2022,1,1,1
2022-04-01,8,4.85,21.11,291,a,4,1,2022,1,1,1
2022-04-01,9,3.54,22.78,292,a,4,1,2022,1,1,1
2022-04-01,10,1.67,25.0,293,a,4,1,2022,1,1,1
2022-04-01,11,0.16,27.78,294,a,4,1,2022,1,1,1
2022-04-01,12,0.28,28.89,295,a,4,1,2022,1,1,1
2022-04-01,13,0.0,30.0,296,a,4,1,2022,1,1,1
2022-04-01,14,2.6,30.0,297,a,4,1,2022,1,1,1
2022-04-01,15,13.54,31.11,298,a,4,1,2022,1,1,1
2022-04-01,16,17.48,30.0,299,a,4,1,2022,1,1,1
2022-04-01,17,20.9,30.0,300,a,4,1,2022,1,1,1
2022-04-01,18,17.08,27.78,301,a,4,1,2022,1,1,1
2022-04-01,19,13.84,25.0,302,a,4,1,2022,1,1,1
2022-04-01,20,9.17,23.89,303,a,4,1,2022,1,1,1
2022-04-01,21,6.49,23.89,304,a,4,1,2022,1,1,1
2022-04-01,22,6.39,22.78,305,a,4,1,2022,1,1,1
2022-05-01,11,0.03,30.0,306,a,5,1,2022,0,0,0
2022-05-01,12,0.04,31.11,307,a,5,1,2022,0,0,0
2022-05-01,13,2.93,30.0,308,a,5,1,2022,0,0,0
2022-05-01,14,16.82,31.11,309,a,5,1,2022,0,0,0
2022-05-01,15,24.54,32.22,310,a,5,1,2022,0,0,0
2022-05-01,16,31.31,31.11,311,a,5,1,2022,0,0,0
2022-05-01,17,23.44,31.11,312,a,5,1,2022,0,0,0
2022-05-01,18,19.61,27.78,313,a,5,1,2022,0,0,0
2022-05-01,19,13.69,25.0,314,a,5,1,2022,0,0,0
2022-05-01,20,9.53,23.89,315,a,5,1,2022,0,0,0
2022-06-01,6,1.87,18.89,316,a,6,1,2022,1,1,1
2022-06-01,7,5.2,18.89,317,a,6,1,2022,1,1,1
2022-06-01,8,3.95,21.11,318,a,6,1,2022,1,1,1
2022-06-01,9,1.89,23.89,319,a,6,1,2022,1,1,1
2022-06-01,10,0.14,27.22,320,a,6,1,2022,1,1,1
2022-06-01,11,0.0,28.89,321,a,6,1,2022,1,1,1
2022-06-01,12,0.01,30.0,322,a,6,1,2022,1,1,1
2022-06-01,14,0.75,32.22,323,a,6,1,2022,1,1,1
2022-06-01,15,13.17,32.22,324,a,6,1,2022,1,1,1
2022-06-01,16,19.19,32.22,325,a,6,1,2022,1,1,1
2022-06-01,17,21.31,32.22,326,a,6,1,2022,1,1,1
2022-06-01,19,13.23,27.22,327,a,6,1,2022,1,1,1
2022-06-01,20,8.74,25.0,328,a,6,1,2022,1,1,1
2022-07-01,6,5.49,21.11,329,a,7,1,2022,1,1,1
2022-07-01,7,5.22,20.0,330,a,7,1,2022,1,1,1
2022-07-01,8,4.37,22.78,331,a,7,1,2022,1,1,1
2022-07-01,9,1.81,25.0,332,a,7,1,2022,1,1,1
2022-07-01,10,0.06,27.22,333,a,7,1,2022,1,1,1
2022-07-01,11,0.0,28.89,334,a,7,1,2022,1,1,1
2022-07-01,12,1.24,30.0,335,a,7,1,2022,1,1,1
2022-07-01,13,3.79,30.0,336,a,7,1,2022,1,1,1
2022-07-01,14,13.77,32.22,337,a,7,1,2022,1,1,1
2022-07-01,15,20.27,31.11,338,a,7,1,2022,1,1,1
2022-07-01,16,19.66,32.22,339,a,7,1,2022,1,1,1
2022-07-01,17,17.55,31.11,340,a,7,1,2022,1,1,1
2022-07-01,18,16.75,28.89,341,a,7,1,2022,1,1,1
2022-07-01,19,10.38,26.11,342,a,7,1,2022,1,1,1
2022-07-01,20,9.12,25.0,343,a,7,1,2022,1,1,1
2022-08-01,6,5.73,20.0,344,a,8,1,2022,1,1,1
2022-08-01,7,5.27,21.11,345,a,8,1,2022,1,1,1
2022-08-01,8,3.8,22.22,346,a,8,1,2022,1,1,1
2022-08-01,9,0.62,25.0,347,a,8,1,2022,1,1,1
2022-08-01,10,0.0,27.22,348,a,8,1,2022,1,1,1
2022-08-01,11,0.0,28.89,349,a,8,1,2022,1,1,1
2022-08-01,12,0.0,30.0,350,a,8,1,2022,1,1,1
2022-08-01,13,0.02,31.11,351,a,8,1,2022,1,1,1
2022-08-01,14,1.1,31.11,352,a,8,1,2022,1,1,1
2022-08-01,15,5.4,31.11,353,a,8,1,2022,1,1,1
2022-08-01,16,5.02,32.22,354,a,8,1,2022,1,1,1
2022-08-01,17,7.13,31.11,355,a,8,1,2022,1,1,1
2022-08-01,18,8.98,27.78,356,a,8,1,2022,1,1,1
2022-08-01,19,11.0,26.11,357,a,8,1,2022,1,1,1
2022-08-01,20,9.81,25.0,358,a,8,1,2022,1,1,1
2022-09-01,6,5.9,18.89,359,a,9,1,2022,1,1,1
2022-09-01,7,4.85,18.89,360,a,9,1,2022,1,1,1
2022-09-01,8,3.05,22.22,361,a,9,1,2022,1,1,1
2022-09-01,9,0.28,23.89,362,a,9,1,2022,1,1,1
2022-09-01,10,0.0,27.22,363,a,9,1,2022,1,1,1
2022-09-01,11,0.0,28.89,364,a,9,1,2022,1,1,1
2022-09-01,12,0.02,30.0,365,a,9,1,2022,1,1,1
2022-09-01,13,0.02,31.11,366,a,9,1,2022,1,1,1
2022-09-01,14,0.26,32.22,367,a,9,1,2022,1,1,1
2022-09-01,15,1.04,32.22,368,a,9,1,2022,1,1,1
2022-09-01,16,3.32,32.22,369,a,9,1,2022,1,1,1
2022-09-01,17,6.28,31.11,370,a,9,1,2022,1,1,1
2022-09-01,18,10.08,28.89,371,a,9,1,2022,1,1,1
2022-09-01,19,11.63,26.11,372,a,9,1,2022,1,1,1
2022-09-01,20,10.65,25.0,373,a,9,1,2022,1,1,1
2022-10-01,6,5.78,20.0,374,a,10,1,2022,1,0,0
2022-10-01,7,4.78,20.0,375,a,10,1,2022,1,0,0
2022-10-01,8,4.69,22.22,376,a,10,1,2022,1,0,0
2022-10-01,9,6.16,25.0,377,a,10,1,2022,1,0,0
2022-10-01,10,4.77,27.78,378,a,10,1,2022,1,0,0
2022-10-01,11,1.73,30.0,379,a,10,1,2022,1,0,0
2022-10-01,12,2.55,30.0,380,a,10,1,2022,1,0,0
2022-10-01,13,10.34,32.22,381,a,10,1,2022,1,0,0
2022-10-01,14,20.95,32.22,382,a,10,1,2022,1,0,0
2022-10-01,15,28.46,32.78,383,a,10,1,2022,1,0,0
2022-10-01,16,29.42,32.78,384,a,10,1,2022,1,0,0
2022-10-01,17,27.64,32.22,385,a,10,1,2022,1,0,0
2022-10-01,18,23.05,28.89,386,a,10,1,2022,1,0,0
2022-10-01,19,19.73,26.11,387,a,10,1,2022,1,0,0
2022-10-01,20,14.82,23.89,388,a,10,1,2022,1,0,0
2022-11-01,6,5.94,17.78,389,a,11,1,2022,1,1,1
2022-11-01,7,5.62,17.78,390,a,11,1,2022,1,1,1
2022-11-01,8,4.38,21.11,391,a,11,1,2022,1,1,1
2022-11-01,9,3.87,23.89,392,a,11,1,2022,1,1,1
2022-11-01,12,2.12,31.11,393,a,11,1,2022,1,1,1
2022-11-01,13,5.22,31.11,394,a,11,1,2022,1,1,1
2022-11-01,14,8.5,32.22,395,a,11,1,2022,1,1,1
2022-11-01,15,13.38,32.22,396,a,11,1,2022,1,1,1
2022-11-01,16,18.17,32.78,397,a,11,1,2022,1,1,1
2022-11-01,17,20.97,32.22,398,a,11,1,2022,1,1,1
2022-11-01,18,12.09,28.89,399,a,11,1,2022,1,1,1
2022-11-01,19,12.46,27.22,400,a,11,1,2022,1,1,1
2022-11-01,20,10.27,25.0,401,a,11,1,2022,1,1,1
2022-12-01,6,5.95,20.0,402,a,12,1,2022,1,1,1
2022-12-01,7,5.6,20.0,403,a,12,1,2022,1,1,1
2022-12-01,8,4.73,22.78,404,a,12,1,2022,1,1,1
2022-12-01,9,8.93,25.0,405,a,12,1,2022,1,1,1
2022-12-01,10,6.21,27.22,406,a,12,1,2022,1,1,1
2022-12-01,11,4.43,28.89,407,a,12,1,2022,1,1,1
2022-12-01,12,5.86,31.11,408,a,12,1,2022,1,1,1
2022-12-01,13,6.17,31.11,409,a,12,1,2022,1,1,1
2022-12-01,14,12.64,32.22,410,a,12,1,2022,1,1,1
2022-12-01,15,17.61,32.22,411,a,12,1,2022,1,1,1
2022-12-01,16,18.62,32.22,412,a,12,1,2022,1,1,1
2022-12-01,17,22.82,32.22,413,a,12,1,2022,1,1,1
2022-12-01,18,17.08,28.89,414,a,12,1,2022,1,1,1
2022-12-01,19,12.92,26.11,415,a,12,1,2022,1,1,1
2022-12-01,20,10.36,25.0,416,a,12,1,2022,1,1,1
2022-01-13,6,5.74,20.0,417,a,13,1,2022,1,1,1
2022-01-13,7,4.84,18.89,418,a,13,1,2022,1,1,1
2022-01-13,8,4.41,22.78,419,a,13,1,2022,1,1,1
2022-01-13,9,2.71,25.0,420,a,13,1,2022,1,1,1
2022-01-13,10,5.99,27.22,421,a,13,1,2022,1,1,1
2022-01-13,11,12.91,28.89,422,a,13,1,2022,1,1,1
2022-01-13,12,13.89,30.0,423,a,13,1,2022,1,1,1
2022-01-13,13,13.47,32.22,424,a,13,1,2022,1,1,1
2022-01-13,14,16.68,32.22,425,a,13,1,2022,1,1,1
2022-01-13,15,24.41,32.22,426,a,13,1,2022,1,1,1
2022-01-13,16,23.46,32.22,427,a,13,1,2022,1,1,1
2022-01-13,17,23.83,31.11,428,a,13,1,2022,1,1,1
2022-01-13,18,19.4,28.89,429,a,13,1,2022,1,1,1
2022-01-13,19,11.72,26.11,430,a,13,1,2022,1,1,1
2022-01-13,20,9.69,25.0,431,a,13,1,2022,1,1,1
2022-01-14,6,5.56,20.0,432,a,14,1,2022,1,1,1
2022-01-14,7,4.78,18.89,433,a,14,1,2022,1,1,1
2022-01-14,8,4.2,22.78,434,a,14,1,2022,1,1,1
2022-01-14,10,2.63,27.78,435,a,14,1,2022,1,1,1
2022-01-14,11,0.91,28.89,436,a,14,1,2022,1,1,1
2022-01-14,12,0.44,30.0,437,a,14,1,2022,1,1,1
2022-01-14,13,1.08,31.11,438,a,14,1,2022,1,1,1
2022-01-14,14,2.04,32.22,439,a,14,1,2022,1,1,1
2022-01-14,15,6.52,32.22,440,a,14,1,2022,1,1,1
2022-01-14,16,12.51,32.22,441,a,14,1,2022,1,1,1
2022-01-14,17,19.94,31.11,442,a,14,1,2022,1,1,1
2022-01-14,18,16.27,28.89,443,a,14,1,2022,1,1,1
2022-01-14,19,12.04,26.11,444,a,14,1,2022,1,1,1
2022-01-14,20,10.67,25.0,445,a,14,1,2022,1,1,1
2022-01-15,6,5.7,21.11,446,a,15,1,2022,1,0,0
2022-01-15,7,4.83,20.0,447,a,15,1,2022,1,0,0
2022-01-15,8,3.95,22.78,448,a,15,1,2022,1,0,0
2022-01-15,9,2.56,25.0,449,a,15,1,2022,1,0,0
2022-01-15,10,0.01,27.22,450,a,15,1,2022,1,0,0
2022-01-15,11,0.0,28.89,451,a,15,1,2022,1,0,0
2022-01-15,14,0.0,31.11,452,a,15,1,2022,1,0,0
2022-01-15,15,0.02,32.22,453,a,15,1,2022,1,0,0
2022-01-15,16,1.65,31.11,454,a,15,1,2022,1,0,0
2022-01-15,17,6.72,31.11,455,a,15,1,2022,1,0,0
2022-01-15,18,11.05,30.0,456,a,15,1,2022,1,0,0
2022-01-15,19,12.82,26.11,457,a,15,1,2022,1,0,0
2022-01-15,20,10.78,25.0,458,a,15,1,2022,1,0,0
2022-01-16,6,5.94,20.0,459,a,16,1,2022,1,0,0
2022-01-16,7,4.84,20.0,460,a,16,1,2022,1,0,0
2022-01-16,8,3.35,22.22,461,a,16,1,2022,1,0,0
2022-01-16,9,1.21,25.0,462,a,16,1,2022,1,0,0
2022-01-16,10,0.01,27.22,463,a,16,1,2022,1,0,0
2022-01-16,11,0.0,28.89,464,a,16,1,2022,1,0,0
2022-01-16,12,0.0,30.0,465,a,16,1,2022,1,0,0
2022-01-16,13,0.0,31.11,466,a,16,1,2022,1,0,0
2022-01-16,14,0.0,32.22,467,a,16,1,2022,1,0,0
2022-01-16,15,0.06,32.22,468,a,16,1,2022,1,0,0
2022-01-16,16,1.36,32.22,469,a,16,1,2022,1,0,0
2022-01-16,17,5.58,31.11,470,a,16,1,2022,1,0,0
2022-01-16,18,10.48,28.89,471,a,16,1,2022,1,0,0
2022-01-16,19,11.04,26.11,472,a,16,1,2022,1,0,0
2022-01-16,20,9.77,25.0,473,a,16,1,2022,1,0,0
2022-01-17,6,6.03,20.0,474,a,17,1,2022,1,1,1
2022-01-17,7,5.64,21.11,475,a,17,1,2022,1,1,1
2022-01-17,8,4.69,22.22,476,a,17,1,2022,1,1,1
2022-01-17,9,6.56,23.89,477,a,17,1,2022,1,1,1
2022-01-17,10,10.98,27.22,478,a,17,1,2022,1,1,1
2022-01-17,11,9.16,28.89,479,a,17,1,2022,1,1,1
2022-01-17,12,16.34,30.0,480,a,17,1,2022,1,1,1
2022-01-17,13,18.47,31.11,481,a,17,1,2022,1,1,1
2022-01-17,14,24.09,32.22,482,a,17,1,2022,1,1,1
2022-01-17,15,27.25,32.22,483,a,17,1,2022,1,1,1
2022-01-17,16,20.37,32.22,484,a,17,1,2022,1,1,1
2022-01-17,17,21.21,31.11,485,a,17,1,2022,1,1,1
2022-01-17,18,28.03,30.0,486,a,17,1,2022,1,1,1
2022-01-17,19,15.46,27.22,487,a,17,1,2022,1,1,1
2022-01-17,20,9.37,26.11,488,a,17,1,2022,1,1,1
2022-01-18,6,6.2,21.11,489,a,18,1,2022,1,1,1
2022-01-18,7,5.56,22.22,490,a,18,1,2022,1,1,1
2022-01-18,8,5.63,22.78,491,a,18,1,2022,1,1,1
2022-01-18,9,8.71,26.11,492,a,18,1,2022,1,1,1
2022-01-18,10,9.95,27.78,493,a,18,1,2022,1,1,1
2022-01-18,11,12.65,28.89,494,a,18,1,2022,1,1,1
2022-01-18,12,13.14,28.89,495,a,18,1,2022,1,1,1
2022-01-18,13,11.85,30.0,496,a,18,1,2022,1,1,1
2022-01-18,14,14.56,31.11,497,a,18,1,2022,1,1,1
2022-01-18,15,20.89,31.11,498,a,18,1,2022,1,1,1
2022-01-18,16,25.28,31.11,499,a,18,1,2022,1,1,1
2022-01-18,17,24.83,31.11,500,a,18,1,2022,1,1,1
2022-01-18,18,21.43,27.78,501,a,18,1,2022,1,1,1
2022-01-18,19,16.66,26.11,502,a,18,1,2022,1,1,1
2022-01-18,20,9.11,25.0,503,a,18,1,2022,1,1,1
2022-01-19,6,5.88,18.89,504,a,19,1,2022,1,1,1
2022-01-19,7,5.42,22.22,505,a,19,1,2022,1,1,1
2022-01-19,8,4.38,23.89,506,a,19,1,2022,1,1,1
2022-01-19,9,11.53,23.89,507,a,19,1,2022,1,1,1
2022-01-19,10,10.95,26.11,508,a,19,1,2022,1,1,1
2022-01-19,11,7.99,27.22,509,a,19,1,2022,1,1,1
2022-01-19,12,8.18,27.78,510,a,19,1,2022,1,1,1
2022-01-19,13,5.26,28.89,511,a,19,1,2022,1,1,1
2022-01-19,14,8.82,30.0,512,a,19,1,2022,1,1,1
2022-01-19,15,15.55,30.0,513,a,19,1,2022,1,1,1
2022-01-19,16,21.54,30.0,514,a,19,1,2022,1,1,1
2022-01-19,17,22.26,30.0,515,a,19,1,2022,1,1,1
2022-01-19,18,12.53,27.22,516,a,19,1,2022,1,1,1
2022-01-20,11,12.12,27.78,517,a,20,1,2022,1,1,1
2022-01-20,12,15.59,28.89,518,a,20,1,2022,1,1,1
2022-01-20,13,16.24,28.89,519,a,20,1,2022,1,1,1
2022-01-20,14,19.03,30.0,520,a,20,1,2022,1,1,1
2022-01-24,8,3.24,20.0,521,a,24,1,2022,1,1,1
2022-01-24,9,7.01,22.78,522,a,24,1,2022,1,1,1
2022-01-24,10,5.5,26.11,523,a,24,1,2022,1,1,1
2022-01-25,6,6.54,21.11,524,a,25,1,2022,1,1,1
2022-01-25,8,4.9,22.78,525,a,25,1,2022,1,1,1
2022-01-25,9,4.47,25.0,526,a,25,1,2022,1,1,1
2022-01-25,10,13.17,26.11,527,a,25,1,2022,1,1,1
2022-01-25,11,11.06,28.89,528,a,25,1,2022,1,1,1
2022-01-25,16,14.98,32.22,529,a,25,1,2022,1,1,1
2022-01-25,17,32.64,32.22,530,a,25,1,2022,1,1,1
2022-01-25,18,19.38,28.89,531,a,25,1,2022,1,1,1
2022-01-25,19,17.48,26.11,532,a,25,1,2022,1,1,1
2022-01-25,20,10.92,25.0,533,a,25,1,2022,1,1,1
2022-01-26,6,5.4,18.89,534,a,26,1,2022,1,1,1
2022-01-26,7,4.79,20.0,535,a,26,1,2022,1,1,1
2022-01-26,8,4.23,22.78,536,a,26,1,2022,1,1,1
2022-01-26,9,6.46,25.0,537,a,26,1,2022,1,1,1
2022-01-26,10,11.95,27.22,538,a,26,1,2022,1,1,1
2022-01-26,11,9.76,30.0,539,a,26,1,2022,1,1,1
2022-01-26,12,10.39,32.22,540,a,26,1,2022,1,1,1
2022-01-26,13,9.95,32.78,541,a,26,1,2022,1,1,1
2022-01-26,14,25.93,32.78,542,a,26,1,2022,1,1,1
2022-01-26,15,31.72,33.89,543,a,26,1,2022,1,1,1
2022-01-26,16,33.17,32.78,544,a,26,1,2022,1,1,1
2022-01-26,17,31.68,32.22,545,a,26,1,2022,1,1,1
2022-01-26,18,16.42,31.11,546,a,26,1,2022,1,1,1
2022-01-26,19,14.19,27.22,547,a,26,1,2022,1,1,1
2022-01-26,20,11.23,26.11,548,a,26,1,2022,1,1,1
2022-01-27,6,5.22,21.11,549,a,27,1,2022,1,1,1
2022-01-27,7,5.1,20.0,550,a,27,1,2022,1,1,1
2022-01-27,8,5.0,22.22,551,a,27,1,2022,1,1,1
2022-01-27,9,5.5,25.0,552,a,27,1,2022,1,1,1
2022-01-27,10,15.71,27.22,553,a,27,1,2022,1,1,1
2022-01-27,11,20.68,30.0,554,a,27,1,2022,1,1,1
2022-01-27,12,13.56,31.11,555,a,27,1,2022,1,1,1
2022-01-27,13,11.71,32.78,556,a,27,1,2022,1,1,1
2022-01-27,14,20.62,32.78,557,a,27,1,2022,1,1,1
2022-01-27,15,28.32,32.78,558,a,27,1,2022,1,1,1
2022-01-27,16,34.85,32.78,559,a,27,1,2022,1,1,1
2022-01-27,17,32.71,32.78,560,a,27,1,2022,1,1,1
2022-01-27,18,21.34,30.0,561,a,27,1,2022,1,1,1
2022-01-27,19,17.36,27.78,562,a,27,1,2022,1,1,1
2022-01-27,20,10.19,26.11,563,a,27,1,2022,1,1,1
2022-01-28,6,5.5,21.11,564,a,28,1,2022,1,1,1
2022-01-28,7,5.0,21.11,565,a,28,1,2022,1,1,1
2022-01-28,8,4.85,22.22,566,a,28,1,2022,1,1,1
2022-01-28,9,4.11,25.0,567,a,28,1,2022,1,1,1
2022-01-28,10,9.43,27.78,568,a,28,1,2022,1,1,1
2022-01-28,11,5.77,30.0,569,a,28,1,2022,1,1,1
2022-01-28,12,8.54,32.22,570,a,28,1,2022,1,1,1
2022-01-28,13,8.94,32.22,571,a,28,1,2022,1,1,1
2022-01-28,14,12.29,32.78,572,a,28,1,2022,1,1,1
2022-01-28,15,14.87,32.78,573,a,28,1,2022,1,1,1
2022-01-28,16,21.45,32.78,574,a,28,1,2022,1,1,1
2022-01-28,17,31.53,32.78,575,a,28,1,2022,1,1,1
2022-01-28,18,17.68,30.0,576,a,28,1,2022,1,1,1
2022-01-28,19,12.5,27.78,577,a,28,1,2022,1,1,1
2022-01-28,20,10.9,26.11,578,a,28,1,2022,1,1,1
2022-01-29,8,4.74,22.22,579,a,29,1,2022,1,0,0
2022-01-29,9,1.17,26.11,580,a,29,1,2022,1,0,0
2022-01-29,10,0.0,27.78,581,a,29,1,2022,1,0,0
2022-01-29,11,0.0,30.0,582,a,29,1,2022,1,0,0
2022-01-29,12,0.0,31.11,583,a,29,1,2022,1,0,0
2022-01-29,13,0.0,32.22,584,a,29,1,2022,1,0,0
2022-01-29,14,0.0,32.78,585,a,29,1,2022,1,0,0
2022-01-29,15,0.0,32.78,586,a,29,1,2022,1,0,0
2022-01-29,16,0.99,32.78,587,a,29,1,2022,1,0,0
2022-01-29,17,4.78,32.78,588,a,29,1,2022,1,0,0
2022-01-29,18,11.09,30.0,589,a,29,1,2022,1,0,0
2022-01-29,19,13.38,27.78,590,a,29,1,2022,1,0,0
2022-01-29,20,14.07,27.22,591,a,29,1,2022,1,0,0
2022-01-30,6,11.04,20.0,592,a,30,1,2022,1,0,0
2022-01-30,7,5.26,20.0,593,a,30,1,2022,1,0,0
2022-01-30,8,3.53,22.22,594,a,30,1,2022,1,0,0
2022-01-30,9,0.14,25.0,595,a,30,1,2022,1,0,0
2022-01-30,10,0.0,27.78,596,a,30,1,2022,1,0,0
2022-01-30,11,0.0,28.89,597,a,30,1,2022,1,0,0
2022-01-30,12,0.0,30.0,598,a,30,1,2022,1,0,0
2022-01-30,13,0.0,31.11,599,a,30,1,2022,1,0,0
2022-01-30,14,2.91,32.22,600,a,30,1,2022,1,0,0
2022-01-30,15,5.77,32.22,601,a,30,1,2022,1,0,0
2022-01-30,16,10.86,32.78,602,a,30,1,2022,1,0,0
2022-01-30,17,8.91,32.78,603,a,30,1,2022,1,0,0
2022-01-30,18,8.61,31.11,604,a,30,1,2022,1,0,0
2022-01-30,19,10.89,27.22,605,a,30,1,2022,1,0,0
2022-01-30,20,9.57,26.11,606,a,30,1,2022,1,0,0
2022-01-31,6,5.54,17.78,607,a,31,1,2022,1,1,1
2022-01-31,7,5.25,17.78,608,a,31,1,2022,1,1,1
2022-01-31,8,5.62,21.11,609,a,31,1,2022,1,1,1
2022-01-31,9,2.44,26.11,610,a,31,1,2022,1,1,1
2022-01-31,10,13.02,27.78,611,a,31,1,2022,1,1,1
2022-01-31,11,7.99,30.0,612,a,31,1,2022,1,1,1
2022-01-31,12,7.44,31.11,613,a,31,1,2022,1,1,1
2022-01-31,13,24.45,31.11,614,a,31,1,2022,1,1,1
2022-01-31,14,21.72,32.22,615,a,31,1,2022,1,1,1
2022-01-31,15,31.94,32.22,616,a,31,1,2022,1,1,1
2022-01-31,16,27.85,32.22,617,a,31,1,2022,1,1,1
2022-01-31,17,31.2,32.22,618,a,31,1,2022,1,1,1
2022-01-31,18,25.15,30.0,619,a,31,1,2022,1,1,1
2022-01-31,19,17.05,26.11,620,a,31,1,2022,1,1,1
2022-01-31,20,11.56,23.89,621,a,31,1,2022,1,1,1
2022-01-02,6,5.57,17.78,622,a,1,2,2022,1,0,0
2022-01-02,10,26.54,27.22,623,a,1,2,2022,1,0,0
2022-01-02,11,26.85,27.78,624,a,1,2,2022,1,0,0
2022-01-02,12,30.09,30.0,625,a,1,2,2022,1,0,0
2022-01-02,13,24.76,30.0,626,a,1,2,2022,1,0,0
2022-01-02,14,28.63,31.11,627,a,1,2,2022,1,0,0
2022-01-02,15,31.72,32.22,628,a,1,2,2022,1,0,0
2022-01-02,16,34.62,32.22,629,a,1,2,2022,1,0,0
2022-01-02,17,39.85,32.22,630,a,1,2,2022,1,0,0
2022-01-02,18,33.73,30.0,631,a,1,2,2022,1,0,0
2022-01-02,19,22.3,28.89,632,a,1,2,2022,1,0,0
2022-01-02,20,12.36,27.22,633,a,1,2,2022,1,0,0
2022-02-02,6,15.37,22.78,634,a,2,2,2022,1,1,1
2022-02-02,7,5.39,23.89,635,a,2,2,2022,1,1,1
2022-02-02,8,5.81,25.0,636,a,2,2,2022,1,1,1
2022-02-02,9,5.11,27.22,637,a,2,2,2022,1,1,1
2022-02-02,10,15.86,27.22,638,a,2,2,2022,1,1,1
2022-02-02,11,25.55,28.89,639,a,2,2,2022,1,1,1
2022-02-02,12,11.45,30.0,640,a,2,2,2022,1,1,1
2022-02-02,13,7.75,31.11,641,a,2,2,2022,1,1,1
2022-02-02,14,9.36,32.22,642,a,2,2,2022,1,1,1
2022-02-02,15,14.25,32.22,643,a,2,2,2022,1,1,1
2022-02-02,16,20.05,32.22,644,a,2,2,2022,1,1,1
2022-02-02,17,52.12,32.22,645,a,2,2,2022,1,1,1
2022-02-02,18,14.32,30.0,646,a,2,2,2022,1,1,1
2022-02-02,19,13.68,27.78,647,a,2,2,2022,1,1,1
2022-02-02,20,12.62,27.22,648,a,2,2,2022,1,1,1
2022-03-02,6,7.17,23.89,649,a,3,2,2022,1,1,1
2022-03-02,7,7.16,23.89,650,a,3,2,2022,1,1,1
2022-03-02,8,6.5,25.0,651,a,3,2,2022,1,1,1
2022-03-02,9,6.89,27.22,652,a,3,2,2022,1,1,1
2022-03-02,10,14.16,28.89,653,a,3,2,2022,1,1,1
2022-03-02,11,19.78,28.89,654,a,3,2,2022,1,1,1
2022-03-02,12,17.79,30.0,655,a,3,2,2022,1,1,1
2022-03-02,13,17.29,31.11,656,a,3,2,2022,1,1,1
2022-03-02,14,18.3,32.22,657,a,3,2,2022,1,1,1
2022-03-02,15,19.27,32.78,658,a,3,2,2022,1,1,1
2022-03-02,16,23.82,32.78,659,a,3,2,2022,1,1,1
2022-03-02,17,27.15,32.78,660,a,3,2,2022,1,1,1
2022-03-02,18,27.23,31.11,661,a,3,2,2022,1,1,1
2022-03-02,19,30.49,28.89,662,a,3,2,2022,1,1,1
2022-03-02,20,20.84,27.78,663,a,3,2,2022,1,1,1
2022-04-02,6,6.69,22.78,664,a,4,2,2022,1,0,0
2022-04-02,7,6.66,22.78,665,a,4,2,2022,1,0,0
2022-04-02,8,28.64,25.0,666,a,4,2,2022,1,0,0
2022-04-02,9,17.41,27.22,667,a,4,2,2022,1,0,0
2022-04-02,10,23.82,27.78,668,a,4,2,2022,1,0,0
2022-04-02,11,20.91,28.89,669,a,4,2,2022,1,0,0
2022-04-02,12,17.25,31.11,670,a,4,2,2022,1,0,0
2022-04-02,13,16.66,31.11,671,a,4,2,2022,1,0,0
2022-04-02,14,27.47,32.22,672,a,4,2,2022,1,0,0
2022-04-02,15,24.25,32.22,673,a,4,2,2022,1,0,0
2022-04-02,16,30.89,32.22,674,a,4,2,2022,1,0,0
2022-04-02,17,28.21,32.22,675,a,4,2,2022,1,0,0
2022-04-02,18,29.51,27.22,676,a,4,2,2022,1,0,0
2022-04-02,19,32.02,26.11,677,a,4,2,2022,1,0,0
2022-04-02,20,19.93,26.11,678,a,4,2,2022,1,0,0
2022-05-02,6,6.34,22.78,679,a,5,2,2022,1,1,1
2022-05-02,7,6.12,22.22,680,a,5,2,2022,1,1,1
2022-05-02,8,5.35,22.22,681,a,5,2,2022,1,1,1
2022-05-02,9,5.78,22.78,682,a,5,2,2022,1,1,1
2022-05-02,10,5.36,22.78,683,a,5,2,2022,1,1,1
2022-05-02,11,5.08,23.89,684,a,5,2,2022,1,1,1
2022-05-02,12,4.92,26.11,685,a,5,2,2022,1,1,1
2022-05-02,13,4.83,26.11,686,a,5,2,2022,1,1,1
2022-05-02,14,5.14,26.11,687,a,5,2,2022,1,1,1
2022-05-02,15,3.81,26.11,688,a,5,2,2022,1,1,1
2022-05-02,16,1.09,26.11,689,a,5,2,2022,1,1,1
2022-05-02,17,0.01,26.11,690,a,5,2,2022,1,1,1
2022-05-02,18,4.27,25.0,691,a,5,2,2022,1,1,1
2022-05-02,19,6.07,23.89,692,a,5,2,2022,1,1,1
2022-05-02,20,8.22,22.78,693,a,5,2,2022,1,1,1
2022-06-02,6,6.19,20.0,694,a,6,2,2022,1,1,1
2022-06-02,7,6.27,20.0,695,a,6,2,2022,1,1,1
2022-06-02,8,6.3,21.11,696,a,6,2,2022,1,1,1
2022-06-02,9,41.76,21.11,697,a,6,2,2022,1,1,1
2022-06-02,10,3.41,22.22,698,a,6,2,2022,1,1,1
2022-06-02,11,1.62,25.0,699,a,6,2,2022,1,1,1
2022-06-02,12,0.0,26.11,700,a,6,2,2022,1,1,1
2022-06-02,13,0.0,27.22,701,a,6,2,2022,1,1,1
2022-06-02,14,0.03,27.78,702,a,6,2,2022,1,1,1
2022-06-02,15,0.04,27.78,703,a,6,2,2022,1,1,1
2022-06-02,16,0.84,27.78,704,a,6,2,2022,1,1,1
2022-06-02,17,3.91,27.78,705,a,6,2,2022,1,1,1
2022-06-02,18,12.55,27.22,706,a,6,2,2022,1,1,1
2022-06-02,19,13.81,26.11,707,a,6,2,2022,1,1,1
2022-06-02,20,12.84,26.11,708,a,6,2,2022,1,1,1
2022-07-02,6,5.29,22.22,709,a,7,2,2022,1,0,0
2022-07-02,7,4.61,22.22,710,a,7,2,2022,1,0,0
2022-07-02,8,4.45,22.78,711,a,7,2,2022,1,0,0
2022-07-02,9,4.39,26.11,712,a,7,2,2022,1,0,0
2022-07-02,10,4.42,27.78,713,a,7,2,2022,1,0,0
2022-07-02,11,4.44,30.0,714,a,7,2,2022,1,0,0
2022-07-02,12,5.93,31.11,715,a,7,2,2022,1,0,0
2022-07-02,13,16.0,32.22,716,a,7,2,2022,1,0,0
2022-07-02,14,41.65,32.22,717,a,7,2,2022,1,0,0
2022-07-02,15,70.94,32.22,718,a,7,2,2022,1,0,0
2022-07-02,16,59.24,32.78,719,a,7,2,2022,1,0,0
2022-07-02,17,78.81,32.22,720,a,7,2,2022,1,0,0
2022-07-02,18,98.76,32.22,721,a,7,2,2022,1,0,0
2022-07-02,19,26.45,28.89,722,a,7,2,2022,1,0,0
2022-07-02,20,15.48,27.22,723,a,7,2,2022,1,0,0
2022-08-02,6,6.75,22.22,724,a,8,2,2022,1,1,1
2022-08-02,9,2.82,27.22,725,a,8,2,2022,1,1,1
2022-08-02,10,14.75,28.89,726,a,8,2,2022,1,1,1
2022-08-02,14,21.95,32.78,727,a,8,2,2022,1,1,1
2022-08-02,16,29.02,33.89,728,a,8,2,2022,1,1,1
2022-08-02,17,32.03,32.78,729,a,8,2,2022,1,1,1
2022-08-02,20,8.35,27.22,730,a,8,2,2022,1,1,1
2022-09-02,7,5.0,22.22,731,a,9,2,2022,1,1,1
2022-09-02,8,4.08,22.78,732,a,9,2,2022,1,1,1
2022-09-02,9,5.19,26.11,733,a,9,2,2022,1,1,1
2022-09-02,10,12.98,27.78,734,a,9,2,2022,1,1,1
2022-09-02,11,9.42,31.11,735,a,9,2,2022,1,1,1
2022-09-02,12,10.5,32.78,736,a,9,2,2022,1,1,1
2022-09-02,13,5.6,32.78,737,a,9,2,2022,1,1,1
2022-09-02,14,38.02,33.89,738,a,9,2,2022,1,1,1
2022-09-02,15,25.24,33.89,739,a,9,2,2022,1,1,1
2022-09-02,16,24.08,33.89,740,a,9,2,2022,1,1,1
2022-09-02,17,26.39,33.89,741,a,9,2,2022,1,1,1
2022-09-02,18,28.31,32.22,742,a,9,2,2022,1,1,1
2022-09-02,19,29.07,27.78,743,a,9,2,2022,1,1,1
2022-09-02,20,10.63,27.78,744,a,9,2,2022,1,1,1
2022-10-02,6,6.55,22.22,745,a,10,2,2022,1,0,0
2022-10-02,7,5.13,22.22,746,a,10,2,2022,1,0,0
2022-11-02,6,4.67,23.89,747,a,11,2,2022,1,1,1
2022-11-02,8,1.09,26.11,748,a,11,2,2022,1,1,1
2022-11-02,9,12.92,27.78,749,a,11,2,2022,1,1,1
2022-11-02,10,32.9,30.0,750,a,11,2,2022,1,1,1
2022-11-02,11,32.13,30.0,751,a,11,2,2022,1,1,1
2022-11-02,12,27.88,32.22,752,a,11,2,2022,1,1,1
2022-11-02,13,25.03,32.78,753,a,11,2,2022,1,1,1
2022-11-02,14,36.09,32.78,754,a,11,2,2022,1,1,1
2022-11-02,15,38.47,32.78,755,a,11,2,2022,1,1,1
2022-11-02,16,44.62,32.78,756,a,11,2,2022,1,1,1
2022-11-02,17,41.91,32.78,757,a,11,2,2022,1,1,1
2022-11-02,18,26.78,32.22,758,a,11,2,2022,1,1,1
2022-11-02,19,15.5,30.0,759,a,11,2,2022,1,1,1
2022-11-02,20,11.43,27.78,760,a,11,2,2022,1,1,1
2022-12-02,6,6.0,22.78,761,a,12,2,2022,1,1,1
2022-12-02,7,5.67,23.89,762,a,12,2,2022,1,1,1
2022-12-02,8,4.92,25.0,763,a,12,2,2022,1,1,1
2022-12-02,9,1.53,27.78,764,a,12,2,2022,1,1,1
2022-12-02,10,0.0,28.89,765,a,12,2,2022,1,1,1
2022-12-02,11,0.0,30.0,766,a,12,2,2022,1,1,1
2022-12-02,12,0.0,31.11,767,a,12,2,2022,1,1,1
2022-12-02,13,0.0,32.22,768,a,12,2,2022,1,1,1
2022-12-02,14,0.03,32.78,769,a,12,2,2022,1,1,1
2022-12-02,15,0.3,32.22,770,a,12,2,2022,1,1,1
2022-12-02,16,0.21,32.78,771,a,12,2,2022,1,1,1
2022-12-02,17,4.16,32.22,772,a,12,2,2022,1,1,1
2022-12-02,18,6.5,31.11,773,a,12,2,2022,1,1,1
2022-12-02,19,10.31,30.0,774,a,12,2,2022,1,1,1
2022-12-02,20,10.62,30.0,775,a,12,2,2022,1,1,1
2022-02-13,6,6.4,23.89,776,a,13,2,2022,1,0,0
2022-02-13,7,5.49,22.78,777,a,13,2,2022,1,0,0
2022-02-13,8,4.16,26.11,778,a,13,2,2022,1,0,0
2022-02-13,9,0.66,27.78,779,a,13,2,2022,1,0,0
2022-02-13,10,0.07,28.89,780,a,13,2,2022,1,0,0
2022-02-13,11,0.12,30.0,781,a,13,2,2022,1,0,0
2022-02-13,12,0.11,31.11,782,a,13,2,2022,1,0,0
2022-02-13,13,0.6,32.22,783,a,13,2,2022,1,0,0
2022-02-13,14,0.88,32.22,784,a,13,2,2022,1,0,0
2022-02-13,15,0.19,32.78,785,a,13,2,2022,1,0,0
2022-02-13,16,0.01,32.78,786,a,13,2,2022,1,0,0
2022-02-13,17,1.78,32.78,787,a,13,2,2022,1,0,0
2022-02-13,18,6.99,32.22,788,a,13,2,2022,1,0,0
2022-02-13,19,10.47,30.0,789,a,13,2,2022,1,0,0
2022-02-13,20,10.84,28.89,790,a,13,2,2022,1,0,0
2022-02-14,6,6.67,23.89,791,a,14,2,2022,1,1,1
2022-02-14,7,6.2,23.89,792,a,14,2,2022,1,1,1
2022-02-14,8,5.29,26.11,793,a,14,2,2022,1,1,1
2022-02-14,9,8.86,27.78,794,a,14,2,2022,1,1,1
2022-02-14,10,36.45,30.0,795,a,14,2,2022,1,1,1
2022-02-14,11,32.36,31.11,796,a,14,2,2022,1,1,1
2022-02-14,12,28.56,31.11,797,a,14,2,2022,1,1,1
2022-02-14,13,22.02,32.22,798,a,14,2,2022,1,1,1
2022-02-14,14,24.68,33.89,799,a,14,2,2022,1,1,1
2022-02-14,15,28.85,32.78,800,a,14,2,2022,1,1,1
2022-02-14,16,35.07,32.78,801,a,14,2,2022,1,1,1
2022-02-14,17,33.25,32.78,802,a,14,2,2022,1,1,1
2022-02-14,18,18.71,32.22,803,a,14,2,2022,1,1,1
2022-02-14,19,13.46,27.78,804,a,14,2,2022,1,1,1
2022-02-14,20,11.72,27.78,805,a,14,2,2022,1,1,1
2022-02-15,6,6.77,25.0,806,a,15,2,2022,1,1,1
2022-02-15,7,6.28,25.0,807,a,15,2,2022,1,1,1
2022-02-15,8,6.95,25.0,808,a,15,2,2022,1,1,1
2022-02-15,9,9.92,25.0,809,a,15,2,2022,1,1,1
2022-02-15,10,42.1,26.11,810,a,15,2,2022,1,1,1
2022-02-15,11,41.05,26.11,811,a,15,2,2022,1,1,1
2022-02-15,12,34.64,27.22,812,a,15,2,2022,1,1,1
2022-02-15,13,38.05,27.78,813,a,15,2,2022,1,1,1
2022-02-15,14,39.91,27.22,814,a,15,2,2022,1,1,1
2022-02-15,15,32.76,25.0,815,a,15,2,2022,1,1,1
2022-02-15,16,32.8,25.0,816,a,15,2,2022,1,1,1
2022-02-15,17,30.62,23.89,817,a,15,2,2022,1,1,1
2022-02-15,18,19.07,23.89,818,a,15,2,2022,1,1,1
2022-02-15,19,11.27,22.78,819,a,15,2,2022,1,1,1
2022-02-15,20,8.6,22.78,820,a,15,2,2022,1,1,1
2022-02-16,6,6.17,22.78,821,a,16,2,2022,1,1,1
2022-02-16,7,5.92,22.78,822,a,16,2,2022,1,1,1
2022-02-16,8,5.1,22.78,823,a,16,2,2022,1,1,1
2022-02-16,9,4.46,22.78,824,a,16,2,2022,1,1,1
2022-02-16,10,6.99,22.78,825,a,16,2,2022,1,1,1
2022-02-16,11,7.09,22.78,826,a,16,2,2022,1,1,1
2022-02-16,12,4.43,22.78,827,a,16,2,2022,1,1,1
2022-02-16,13,2.26,23.89,828,a,16,2,2022,1,1,1
2022-02-16,14,1.35,25.0,829,a,16,2,2022,1,1,1
2022-02-16,15,1.96,25.0,830,a,16,2,2022,1,1,1
2022-02-16,16,2.42,25.0,831,a,16,2,2022,1,1,1
2022-02-16,17,2.22,25.0,832,a,16,2,2022,1,1,1
2022-02-16,18,6.62,23.89,833,a,16,2,2022,1,1,1
2022-02-16,19,8.71,23.89,834,a,16,2,2022,1,1,1
2022-02-16,20,8.1,23.89,835,a,16,2,2022,1,1,1
2022-02-17,6,6.1,22.78,836,a,17,2,2022,1,1,1
2022-02-17,7,5.49,22.78,837,a,17,2,2022,1,1,1
2022-02-17,8,5.28,22.78,838,a,17,2,2022,1,1,1
2022-02-17,9,7.47,25.0,839,a,17,2,2022,1,1,1
2022-02-17,10,14.6,26.11,840,a,17,2,2022,1,1,1
2022-02-17,11,15.13,27.78,841,a,17,2,2022,1,1,1
2022-02-17,12,12.24,28.89,842,a,17,2,2022,1,1,1
2022-02-17,13,13.57,28.89,843,a,17,2,2022,1,1,1
2022-02-17,14,20.33,30.0,844,a,17,2,2022,1,1,1
2022-02-17,15,28.26,28.89,845,a,17,2,2022,1,1,1
2022-02-17,16,24.79,30.0,846,a,17,2,2022,1,1,1
2022-02-17,17,26.55,27.22,847,a,17,2,2022,1,1,1
2022-02-17,18,16.76,27.22,848,a,17,2,2022,1,1,1
2022-02-17,19,11.78,26.11,849,a,17,2,2022,1,1,1
2022-02-17,20,12.81,26.11,850,a,17,2,2022,1,1,1
2022-02-18,6,6.09,22.78,851,a,18,2,2022,1,1,1
2022-02-18,7,6.1,23.89,852,a,18,2,2022,1,1,1
2022-02-18,8,6.14,23.89,853,a,18,2,2022,1,1,1
2022-02-18,9,13.86,25.0,854,a,18,2,2022,1,1,1
2022-02-18,10,25.51,26.11,855,a,18,2,2022,1,1,1
2022-02-18,11,24.9,27.78,856,a,18,2,2022,1,1,1
2022-02-18,12,20.56,28.89,857,a,18,2,2022,1,1,1
2022-02-18,13,16.16,30.0,858,a,18,2,2022,1,1,1
2022-02-18,14,24.79,31.11,859,a,18,2,2022,1,1,1
2022-02-18,15,26.62,31.11,860,a,18,2,2022,1,1,1
2022-02-18,16,29.74,31.11,861,a,18,2,2022,1,1,1
2022-02-18,17,28.87,30.0,862,a,18,2,2022,1,1,1
2022-02-18,18,23.93,27.78,863,a,18,2,2022,1,1,1
2022-02-18,19,13.07,27.22,864,a,18,2,2022,1,1,1
2022-02-18,20,9.82,26.11,865,a,18,2,2022,1,1,1
2022-02-19,6,6.04,25.0,866,a,19,2,2022,1,0,0
2022-02-19,7,5.64,25.0,867,a,19,2,2022,1,0,0
2022-02-19,8,5.3,26.11,868,a,19,2,2022,1,0,0
2022-02-19,9,2.34,27.22,869,a,19,2,2022,1,0,0
2022-02-19,10,0.64,27.78,870,a,19,2,2022,1,0,0
2022-02-19,11,0.36,30.0,871,a,19,2,2022,1,0,0
2022-02-19,12,0.05,31.11,872,a,19,2,2022,1,0,0
2022-02-19,13,0.66,31.11,873,a,19,2,2022,1,0,0
2022-02-19,14,0.72,32.22,874,a,19,2,2022,1,0,0
2022-02-19,15,5.66,32.22,875,a,19,2,2022,1,0,0
2022-02-19,16,10.62,31.11,876,a,19,2,2022,1,0,0
2022-02-19,17,2.62,31.11,877,a,19,2,2022,1,0,0
2022-02-19,18,7.8,30.0,878,a,19,2,2022,1,0,0
2022-02-19,19,10.42,28.89,879,a,19,2,2022,1,0,0
2022-02-19,20,9.54,25.0,880,a,19,2,2022,1,0,0
2022-02-20,6,6.25,25.0,881,a,20,2,2022,1,0,0
2022-02-20,7,5.66,25.0,882,a,20,2,2022,1,0,0
2022-02-20,8,5.16,25.0,883,a,20,2,2022,1,0,0
2022-02-20,9,2.32,27.22,884,a,20,2,2022,1,0,0
2022-02-20,10,0.9,27.22,885,a,20,2,2022,1,0,0
2022-02-21,7,6.01,21.11,886,a,21,2,2022,1,1,1
2022-02-21,8,4.98,22.78,887,a,21,2,2022,1,1,1
2022-02-21,9,3.48,23.89,888,a,21,2,2022,1,1,1
2022-02-21,10,16.05,25.0,889,a,21,2,2022,1,1,1
2022-02-21,11,23.53,26.11,890,a,21,2,2022,1,1,1
2022-02-21,12,14.5,27.22,891,a,21,2,2022,1,1,1
2022-02-21,13,13.97,28.89,892,a,21,2,2022,1,1,1
2022-02-21,14,13.59,28.89,893,a,21,2,2022,1,1,1
2022-02-21,15,16.22,30.0,894,a,21,2,2022,1,1,1
2022-02-21,16,22.12,28.89,895,a,21,2,2022,1,1,1
2022-02-21,17,27.55,28.89,896,a,21,2,2022,1,1,1
2022-02-21,18,12.89,27.22,897,a,21,2,2022,1,1,1
2022-02-21,19,10.12,26.11,898,a,21,2,2022,1,1,1
2022-02-21,20,9.04,25.0,899,a,21,2,2022,1,1,1
2022-02-22,6,5.6,21.11,900,a,22,2,2022,1,1,1
2022-02-22,7,4.62,21.11,901,a,22,2,2022,1,1,1
2022-02-22,8,4.92,22.22,902,a,22,2,2022,1,1,1
2022-02-22,9,6.58,23.89,903,a,22,2,2022,1,1,1
2022-02-22,10,19.87,25.0,904,a,22,2,2022,1,1,1
2022-02-22,11,18.29,26.11,905,a,22,2,2022,1,1,1
2022-02-22,12,19.04,27.22,906,a,22,2,2022,1,1,1
2022-02-22,13,19.23,27.78,907,a,22,2,2022,1,1,1
2022-02-22,14,16.5,27.78,908,a,22,2,2022,1,1,1
2022-02-22,15,15.2,27.78,909,a,22,2,2022,1,1,1
2022-02-22,16,20.31,28.89,910,a,22,2,2022,1,1,1
2022-02-22,17,20.84,28.89,911,a,22,2,2022,1,1,1
2022-02-22,18,13.46,27.78,912,a,22,2,2022,1,1,1
2022-02-22,19,10.33,26.11,913,a,22,2,2022,1,1,1
2022-02-22,20,9.17,26.11,914,a,22,2,2022,1,1,1
2022-02-23,6,5.0,20.0,915,a,23,2,2022,1,1,1
2022-02-23,7,4.4,20.0,916,a,23,2,2022,1,1,1
2022-02-23,8,3.98,22.78,917,a,23,2,2022,1,1,1
2022-02-23,9,2.62,25.0,918,a,23,2,2022,1,1,1
2022-02-23,10,14.35,27.22,919,a,23,2,2022,1,1,1
2022-02-23,11,7.38,27.78,920,a,23,2,2022,1,1,1
2022-02-23,12,7.94,28.89,921,a,23,2,2022,1,1,1
2022-02-23,13,7.42,28.89,922,a,23,2,2022,1,1,1
2022-02-23,14,15.29,30.0,923,a,23,2,2022,1,1,1
2022-02-23,15,16.58,30.0,924,a,23,2,2022,1,1,1
2022-02-23,16,21.93,30.0,925,a,23,2,2022,1,1,1
2022-02-23,17,26.42,30.0,926,a,23,2,2022,1,1,1
2022-02-23,18,18.54,28.89,927,a,23,2,2022,1,1,1
2022-02-23,19,15.23,25.0,928,a,23,2,2022,1,1,1
2022-02-23,20,10.41,23.89,929,a,23,2,2022,1,1,1
2022-02-23,21,7.5,22.78,930,a,23,2,2022,1,1,1
2022-02-23,22,6.72,22.22,931,a,23,2,2022,1,1,1
2022-02-23,23,6.79,22.78,932,a,23,2,2022,1,1,1
2022-02-24,6,5.16,20.0,933,a,24,2,2022,1,1,1
2022-02-24,7,4.62,18.89,934,a,24,2,2022,1,1,1
2022-02-24,8,4.47,22.22,935,a,24,2,2022,1,1,1
2022-02-24,9,3.16,25.0,936,a,24,2,2022,1,1,1
2022-02-24,10,14.11,27.22,937,a,24,2,2022,1,1,1
2022-02-24,11,9.52,27.78,938,a,24,2,2022,1,1,1
2022-02-24,12,8.27,27.78,939,a,24,2,2022,1,1,1
2022-02-24,13,9.73,28.89,940,a,24,2,2022,1,1,1
2022-02-24,14,10.0,28.89,941,a,24,2,2022,1,1,1
2022-02-24,15,15.48,30.0,942,a,24,2,2022,1,1,1
2022-02-24,16,22.25,30.0,943,a,24,2,2022,1,1,1
2022-02-24,17,25.38,30.0,944,a,24,2,2022,1,1,1
2022-02-24,18,17.23,27.78,945,a,24,2,2022,1,1,1
2022-02-24,19,10.2,27.22,946,a,24,2,2022,1,1,1
2022-02-24,20,9.84,25.0,947,a,24,2,2022,1,1,1
2022-02-25,6,5.4,18.89,948,a,25,2,2022,1,1,1
2022-02-25,7,4.7,18.89,949,a,25,2,2022,1,1,1
2022-02-25,8,6.36,22.78,950,a,25,2,2022,1,1,1
2022-02-25,9,12.86,25.0,951,a,25,2,2022,1,1,1
2022-02-25,10,27.18,27.22,952,a,25,2,2022,1,1,1
2022-02-25,11,27.4,27.78,953,a,25,2,2022,1,1,1
2022-02-25,12,21.28,28.89,954,a,25,2,2022,1,1,1
2022-02-25,13,20.68,30.0,955,a,25,2,2022,1,1,1
2022-02-25,14,22.29,31.11,956,a,25,2,2022,1,1,1
2022-02-25,15,21.69,32.22,957,a,25,2,2022,1,1,1
2022-02-25,16,23.41,31.11,958,a,25,2,2022,1,1,1
2022-02-25,17,21.88,30.0,959,a,25,2,2022,1,1,1
2022-02-25,18,16.92,27.78,960,a,25,2,2022,1,1,1
2022-02-25,19,13.39,26.11,961,a,25,2,2022,1,1,1
2022-02-25,20,10.03,25.0,962,a,25,2,2022,1,1,1
2022-02-25,21,8.38,23.89,963,a,25,2,2022,1,1,1
2022-02-25,22,8.01,23.89,964,a,25,2,2022,1,1,1
2022-02-25,23,7.04,22.22,965,a,25,2,2022,1,1,1
2022-02-26,1,6.85,21.11,966,a,26,2,2022,1,0,0
2022-02-26,2,6.78,20.0,967,a,26,2,2022,1,0,0
2022-02-26,3,6.86,18.89,968,a,26,2,2022,1,0,0
2022-02-26,6,6.82,17.78,969,a,26,2,2022,1,0,0
2022-02-26,7,5.82,17.78,970,a,26,2,2022,1,0,0
2022-02-26,9,1.04,23.89,971,a,26,2,2022,1,0,0
2022-02-26,10,0.07,27.22,972,a,26,2,2022,1,0,0
2022-02-26,11,0.0,28.89,973,a,26,2,2022,1,0,0
2022-02-26,12,0.0,30.0,974,a,26,2,2022,1,0,0
2022-02-26,13,0.0,31.11,975,a,26,2,2022,1,0,0
2022-02-26,14,0.0,32.22,976,a,26,2,2022,1,0,0
2022-02-26,15,0.0,31.11,977,a,26,2,2022,1,0,0
2022-02-26,16,1.06,31.11,978,a,26,2,2022,1,0,0
2022-02-26,17,2.36,30.0,979,a,26,2,2022,1,0,0
2022-02-26,18,6.78,28.89,980,a,26,2,2022,1,0,0
2022-02-26,19,9.84,26.11,981,a,26,2,2022,1,0,0
2022-02-26,20,10.18,22.78,982,a,26,2,2022,1,0,0
2022-02-28,6,5.87,22.22,983,a,28,2,2022,1,1,1
2022-02-28,7,5.6,22.22,984,a,28,2,2022,1,1,1
2022-02-28,8,4.1,23.89,985,a,28,2,2022,1,1,1
2022-02-28,9,10.21,26.11,986,a,28,2,2022,1,1,1
2022-02-28,10,16.72,30.0,987,a,28,2,2022,1,1,1
2022-02-28,11,13.56,31.11,988,a,28,2,2022,1,1,1
2022-02-28,12,12.78,32.22,989,a,28,2,2022,1,1,1
2022-02-28,13,18.72,32.78,990,a,28,2,2022,1,1,1
2022-02-28,15,32.29,32.78,991,a,28,2,2022,1,1,1
2022-02-28,16,40.99,33.89,992,a,28,2,2022,1,1,1
2022-02-28,17,36.96,33.89,993,a,28,2,2022,1,1,1
2022-02-28,18,23.92,32.22,994,a,28,2,2022,1,1,1
2022-01-03,6,6.52,22.22,995,a,1,3,2022,1,1,1
2022-01-03,7,6.26,22.22,996,a,1,3,2022,1,1,1
2022-01-03,8,4.91,23.89,997,a,1,3,2022,1,1,1
2022-01-03,9,10.27,27.22,998,a,1,3,2022,1,1,1
2022-01-03,10,25.14,28.89,999,a,1,3,2022,1,1,1
2022-01-03,12,4.1,32.78,1000,a,1,3,2022,1,1,1
2022-01-03,13,28.37,33.89,1001,a,1,3,2022,1,1,1
2022-01-03,14,33.11,35.0,1002,a,1,3,2022,1,1,1
2022-01-03,15,30.98,35.0,1003,a,1,3,2022,1,1,1
2022-01-03,16,36.05,35.0,1004,a,1,3,2022,1,1,1
2022-01-03,17,36.83,35.0,1005,a,1,3,2022,1,1,1
2022-01-03,18,23.03,33.89,1006,a,1,3,2022,1,1,1
2022-01-03,19,12.47,30.0,1007,a,1,3,2022,1,1,1
2022-01-03,20,10.85,28.89,1008,a,1,3,2022,1,1,1
2022-02-03,6,7.28,22.78,1009,a,2,3,2022,1,1,1
2022-02-03,7,6.75,22.78,1010,a,2,3,2022,1,1,1
2022-02-03,8,5.38,25.0,1011,a,2,3,2022,1,1,1
2022-02-03,9,20.45,27.78,1012,a,2,3,2022,1,1,1
2022-02-03,10,28.62,28.89,1013,a,2,3,2022,1,1,1
2022-02-03,12,22.59,32.22,1014,a,2,3,2022,1,1,1
2022-02-03,13,25.94,32.78,1015,a,2,3,2022,1,1,1
2022-02-03,14,34.92,33.89,1016,a,2,3,2022,1,1,1
2022-02-03,15,31.27,33.89,1017,a,2,3,2022,1,1,1
2022-02-03,16,30.81,33.89,1018,a,2,3,2022,1,1,1
2022-02-03,17,34.09,35.0,1019,a,2,3,2022,1,1,1
2022-02-03,18,24.04,32.78,1020,a,2,3,2022,1,1,1
2022-02-03,19,13.87,30.0,1021,a,2,3,2022,1,1,1
2022-02-03,20,10.6,28.89,1022,a,2,3,2022,1,1,1
2022-03-03,6,7.34,23.89,1023,a,3,3,2022,1,1,1
2022-03-03,7,7.17,23.89,1024,a,3,3,2022,1,1,1
2022-03-03,8,5.47,26.11,1025,a,3,3,2022,1,1,1
2022-03-03,9,17.13,27.78,1026,a,3,3,2022,1,1,1
2022-03-03,10,30.25,28.89,1027,a,3,3,2022,1,1,1
2022-03-03,11,20.96,31.11,1028,a,3,3,2022,1,1,1
2022-03-03,12,26.81,32.22,1029,a,3,3,2022,1,1,1
2022-03-03,13,29.46,33.89,1030,a,3,3,2022,1,1,1
2022-03-03,14,37.87,33.89,1031,a,3,3,2022,1,1,1
2022-03-03,15,45.05,35.0,1032,a,3,3,2022,1,1,1
2022-03-03,16,36.46,35.0,1033,a,3,3,2022,1,1,1
2022-03-03,17,39.66,35.0,1034,a,3,3,2022,1,1,1
2022-03-03,18,32.55,33.89,1035,a,3,3,2022,1,1,1
2022-03-03,19,22.85,30.0,1036,a,3,3,2022,1,1,1
2022-03-03,20,12.4,28.89,1037,a,3,3,2022,1,1,1
2022-04-03,6,6.73,23.89,1038,a,4,3,2022,1,0,0
2022-04-03,7,6.26,25.0,1039,a,4,3,2022,1,0,0
2022-04-03,8,5.25,27.22,1040,a,4,3,2022,1,0,0
2022-04-03,9,20.07,28.89,1041,a,4,3,2022,1,0,0
2022-04-03,10,32.04,31.11,1042,a,4,3,2022,1,0,0
2022-04-03,11,25.32,32.22,1043,a,4,3,2022,1,0,0
2022-04-03,12,23.65,32.78,1044,a,4,3,2022,1,0,0
2022-04-03,13,26.88,33.89,1045,a,4,3,2022,1,0,0
2022-04-03,14,35.77,35.0,1046,a,4,3,2022,1,0,0
2022-04-03,15,34.94,35.0,1047,a,4,3,2022,1,0,0
2022-04-03,16,39.26,35.0,1048,a,4,3,2022,1,0,0
2022-04-03,17,38.36,35.0,1049,a,4,3,2022,1,0,0
2022-04-03,18,35.1,33.89,1050,a,4,3,2022,1,0,0
2022-04-03,19,26.35,31.11,1051,a,4,3,2022,1,0,0
2022-04-03,20,13.79,30.0,1052,a,4,3,2022,1,0,0
2022-05-03,6,7.24,26.11,1053,a,5,3,2022,1,1,1
2022-05-03,7,6.03,26.11,1054,a,5,3,2022,1,1,1
2022-05-03,8,4.43,27.78,1055,a,5,3,2022,1,1,1
2022-05-03,9,1.24,30.0,1056,a,5,3,2022,1,1,1
2022-05-03,10,0.05,31.11,1057,a,5,3,2022,1,1,1
2022-05-03,11,0.0,32.22,1058,a,5,3,2022,1,1,1
2022-05-03,12,0.0,32.78,1059,a,5,3,2022,1,1,1
2022-05-03,13,0.57,33.89,1060,a,5,3,2022,1,1,1
2022-05-03,14,5.25,35.0,1061,a,5,3,2022,1,1,1
2022-05-03,15,10.61,35.0,1062,a,5,3,2022,1,1,1
2022-05-03,16,15.61,36.11,1063,a,5,3,2022,1,1,1
2022-05-03,17,15.37,35.0,1064,a,5,3,2022,1,1,1
2022-05-03,18,12.06,33.89,1065,a,5,3,2022,1,1,1
2022-05-03,19,11.79,32.22,1066,a,5,3,2022,1,1,1
2022-05-03,20,9.46,31.11,1067,a,5,3,2022,1,1,1
2022-06-03,6,7.45,27.22,1068,a,6,3,2022,1,1,1
2022-06-03,7,6.56,27.22,1069,a,6,3,2022,1,1,1
2022-06-03,8,4.0,27.78,1070,a,6,3,2022,1,1,1
2022-06-03,9,0.71,30.0,1071,a,6,3,2022,1,1,1
2022-06-03,10,0.21,31.11,1072,a,6,3,2022,1,1,1
2022-06-03,11,0.36,32.22,1073,a,6,3,2022,1,1,1
2022-06-03,12,0.26,32.22,1074,a,6,3,2022,1,1,1
2022-06-03,13,0.06,32.22,1075,a,6,3,2022,1,1,1
2022-06-03,14,0.09,32.78,1076,a,6,3,2022,1,1,1
2022-06-03,15,0.05,33.89,1077,a,6,3,2022,1,1,1
2022-06-03,16,0.26,33.89,1078,a,6,3,2022,1,1,1
2022-06-03,17,3.8,33.89,1079,a,6,3,2022,1,1,1
2022-06-03,18,9.05,32.78,1080,a,6,3,2022,1,1,1
2022-06-03,19,13.08,32.22,1081,a,6,3,2022,1,1,1
2022-06-03,20,11.08,28.89,1082,a,6,3,2022,1,1,1
2022-07-03,6,7.18,25.0,1083,a,7,3,2022,1,0,0
2022-07-03,7,5.95,23.89,1084,a,7,3,2022,1,0,0
2022-07-03,8,4.87,26.11,1085,a,7,3,2022,1,0,0
2022-07-03,9,18.74,27.78,1086,a,7,3,2022,1,0,0
2022-07-03,10,35.93,30.0,1087,a,7,3,2022,1,0,0
2022-07-03,11,31.31,31.11,1088,a,7,3,2022,1,0,0
2022-07-03,12,29.62,32.78,1089,a,7,3,2022,1,0,0
2022-07-03,13,31.07,32.78,1090,a,7,3,2022,1,0,0
2022-07-03,14,34.72,33.89,1091,a,7,3,2022,1,0,0
2022-07-03,15,40.62,33.89,1092,a,7,3,2022,1,0,0
2022-07-03,16,42.31,30.0,1093,a,7,3,2022,1,0,0
2022-07-03,17,37.36,30.0,1094,a,7,3,2022,1,0,0
2022-07-03,18,24.01,30.0,1095,a,7,3,2022,1,0,0
2022-07-03,19,23.09,27.22,1096,a,7,3,2022,1,0,0
2022-07-03,20,10.82,27.22,1097,a,7,3,2022,1,0,0
2022-08-03,6,6.56,23.89,1098,a,8,3,2022,1,1,1
2022-08-03,7,5.96,23.89,1099,a,8,3,2022,1,1,1
2022-08-03,8,3.41,26.11,1100,a,8,3,2022,1,1,1
2022-08-03,9,20.32,27.78,1101,a,8,3,2022,1,1,1
2022-08-03,10,33.89,28.89,1102,a,8,3,2022,1,1,1
2022-08-03,11,34.33,32.22,1103,a,8,3,2022,1,1,1
2022-08-03,12,38.43,31.11,1104,a,8,3,2022,1,1,1
2022-08-03,13,32.88,31.11,1105,a,8,3,2022,1,1,1
2022-08-03,14,28.99,32.22,1106,a,8,3,2022,1,1,1
2022-08-03,15,34.83,32.22,1107,a,8,3,2022,1,1,1
2022-08-03,16,35.77,32.22,1108,a,8,3,2022,1,1,1
2022-08-03,17,39.64,32.22,1109,a,8,3,2022,1,1,1
2022-08-03,18,26.45,31.11,1110,a,8,3,2022,1,1,1
2022-08-03,19,15.99,28.89,1111,a,8,3,2022,1,1,1
2022-08-03,20,10.37,27.78,1112,a,8,3,2022,1,1,1
2022-09-03,6,7.08,22.78,1113,a,9,3,2022,1,0,0
2022-09-03,7,6.4,22.78,1114,a,9,3,2022,1,0,0
2022-09-03,8,4.5,26.11,1115,a,9,3,2022,1,0,0
2022-09-03,9,16.81,27.78,1116,a,9,3,2022,1,0,0
2022-09-03,10,26.51,30.0,1117,a,9,3,2022,1,0,0
2022-09-03,11,27.33,31.11,1118,a,9,3,2022,1,0,0
2022-09-03,13,32.21,32.22,1119,a,9,3,2022,1,0,0
2022-09-03,14,34.88,32.78,1120,a,9,3,2022,1,0,0
2022-09-03,15,37.81,33.89,1121,a,9,3,2022,1,0,0
2022-09-03,16,44.85,33.89,1122,a,9,3,2022,1,0,0
2022-09-03,17,41.65,32.78,1123,a,9,3,2022,1,0,0
2022-09-03,18,36.92,32.78,1124,a,9,3,2022,1,0,0
2022-09-03,19,28.0,30.0,1125,a,9,3,2022,1,0,0
2022-09-03,20,11.42,27.78,1126,a,9,3,2022,1,0,0
2022-10-03,6,6.85,22.78,1127,a,10,3,2022,1,1,1
2022-10-03,7,5.9,23.89,1128,a,10,3,2022,1,1,1
2022-10-03,8,4.96,27.22,1129,a,10,3,2022,1,1,1
2022-10-03,9,12.28,30.0,1130,a,10,3,2022,1,1,1
2022-10-03,10,29.42,31.11,1131,a,10,3,2022,1,1,1
2022-10-03,11,31.25,32.22,1132,a,10,3,2022,1,1,1
2022-10-03,12,25.88,32.78,1133,a,10,3,2022,1,1,1
2022-10-03,13,29.69,33.89,1134,a,10,3,2022,1,1,1
2022-10-03,14,35.51,35.0,1135,a,10,3,2022,1,1,1
2022-10-03,15,41.0,35.0,1136,a,10,3,2022,1,1,1
2022-10-03,16,44.27,35.0,1137,a,10,3,2022,1,1,1
2022-10-03,17,43.04,35.0,1138,a,10,3,2022,1,1,1
2022-10-03,19,17.63,30.0,1139,a,10,3,2022,1,1,1
2022-10-03,20,16.45,27.78,1140,a,10,3,2022,1,1,1
2022-11-03,6,7.26,25.0,1141,a,11,3,2022,1,1,1
2022-11-03,7,6.48,25.0,1142,a,11,3,2022,1,1,1
2022-11-03,8,7.09,27.22,1143,a,11,3,2022,1,1,1
2022-11-03,9,26.68,30.0,1144,a,11,3,2022,1,1,1
2022-11-03,10,41.54,31.11,1145,a,11,3,2022,1,1,1
2022-11-03,11,43.38,32.78,1146,a,11,3,2022,1,1,1
2022-11-03,12,39.39,33.89,1147,a,11,3,2022,1,1,1
2022-11-03,13,38.88,35.0,1148,a,11,3,2022,1,1,1
2022-11-03,14,41.35,35.0,1149,a,11,3,2022,1,1,1
2022-11-03,15,41.65,35.0,1150,a,11,3,2022,1,1,1
2022-11-03,16,44.77,36.11,1151,a,11,3,2022,1,1,1
2022-11-03,17,44.13,35.0,1152,a,11,3,2022,1,1,1
2022-11-03,18,32.97,33.89,1153,a,11,3,2022,1,1,1
2022-11-03,19,19.39,31.11,1154,a,11,3,2022,1,1,1
2022-11-03,20,12.52,28.89,1155,a,11,3,2022,1,1,1
2022-12-03,6,7.11,26.11,1156,a,12,3,2022,1,0,0
2022-12-03,7,6.34,26.11,1157,a,12,3,2022,1,0,0
2022-12-03,8,5.11,27.78,1158,a,12,3,2022,1,0,0
2022-12-03,9,1.41,30.0,1159,a,12,3,2022,1,0,0
2022-12-03,10,0.0,32.22,1160,a,12,3,2022,1,0,0
2022-12-03,11,0.01,32.78,1161,a,12,3,2022,1,0,0
2022-12-03,12,0.84,33.89,1162,a,12,3,2022,1,0,0
2022-12-03,13,3.11,35.0,1163,a,12,3,2022,1,0,0
2022-12-03,14,3.47,36.11,1164,a,12,3,2022,1,0,0
2022-12-03,15,7.18,36.11,1165,a,12,3,2022,1,0,0
2022-12-03,16,13.52,36.11,1166,a,12,3,2022,1,0,0
2022-12-03,17,14.79,36.11,1167,a,12,3,2022,1,0,0
2022-12-03,18,9.99,35.0,1168,a,12,3,2022,1,0,0
2022-12-03,19,12.44,31.11,1169,a,12,3,2022,1,0,0
2022-12-03,20,12.1,30.0,1170,a,12,3,2022,1,0,0
2022-03-13,6,7.74,26.11,1171,a,13,3,2022,1,0,0
2022-03-13,7,6.8,26.11,1172,a,13,3,2022,1,0,0
2022-03-13,8,4.72,28.89,1173,a,13,3,2022,1,0,0
2022-03-13,9,2.62,32.22,1174,a,13,3,2022,1,0,0
2022-03-13,10,0.51,32.78,1175,a,13,3,2022,1,0,0
2022-03-13,11,0.29,35.0,1176,a,13,3,2022,1,0,0
2022-03-13,12,8.07,36.11,1177,a,13,3,2022,1,0,0
2022-03-13,13,12.54,36.11,1178,a,13,3,2022,1,0,0
2022-03-13,14,12.1,37.22,1179,a,13,3,2022,1,0,0
2022-03-13,15,14.97,36.11,1180,a,13,3,2022,1,0,0
2022-03-13,16,17.64,37.22,1181,a,13,3,2022,1,0,0
2022-03-13,17,12.97,37.22,1182,a,13,3,2022,1,0,0
2022-03-13,18,10.41,36.11,1183,a,13,3,2022,1,0,0
2022-03-13,19,12.78,32.22,1184,a,13,3,2022,1,0,0
2022-03-13,20,12.09,30.0,1185,a,13,3,2022,1,0,0
2022-03-14,6,8.13,27.78,1186,a,14,3,2022,1,1,1
2022-03-14,7,8.07,27.78,1187,a,14,3,2022,1,1,1
2022-03-14,8,12.43,28.89,1188,a,14,3,2022,1,1,1
2022-03-14,9,36.79,31.11,1189,a,14,3,2022,1,1,1
2022-03-14,10,46.11,32.22,1190,a,14,3,2022,1,1,1
2022-03-14,11,45.81,33.89,1191,a,14,3,2022,1,1,1
2022-03-14,12,44.87,33.89,1192,a,14,3,2022,1,1,1
2022-03-14,13,49.55,35.0,1193,a,14,3,2022,1,1,1
2022-03-14,14,49.95,36.11,1194,a,14,3,2022,1,1,1
2022-03-14,15,47.89,36.11,1195,a,14,3,2022,1,1,1
2022-03-14,16,44.76,37.22,1196,a,14,3,2022,1,1,1
2022-03-14,17,45.37,32.22,1197,a,14,3,2022,1,1,1
2022-03-14,18,35.14,33.89,1198,a,14,3,2022,1,1,1
2022-03-14,19,30.46,30.0,1199,a,14,3,2022,1,1,1
2022-03-14,20,19.84,28.89,1200,a,14,3,2022,1,1,1
2022-03-15,6,8.58,27.22,1201,a,15,3,2022,1,1,1
2022-03-15,7,7.96,27.22,1202,a,15,3,2022,1,1,1
2022-03-15,8,7.33,27.78,1203,a,15,3,2022,1,1,1
2022-03-15,9,22.09,30.0,1204,a,15,3,2022,1,1,1
2022-03-15,10,37.71,31.11,1205,a,15,3,2022,1,1,1
2022-03-15,11,32.85,32.22,1206,a,15,3,2022,1,1,1
2022-03-15,12,35.65,32.78,1207,a,15,3,2022,1,1,1
2022-03-15,13,34.06,33.89,1208,a,15,3,2022,1,1,1
2022-03-15,14,38.2,35.0,1209,a,15,3,2022,1,1,1
2022-03-15,15,41.48,36.11,1210,a,15,3,2022,1,1,1
2022-03-15,16,48.38,36.11,1211,a,15,3,2022,1,1,1
2022-03-15,17,46.77,36.11,1212,a,15,3,2022,1,1,1
2022-03-15,18,34.64,33.89,1213,a,15,3,2022,1,1,1
2022-03-15,19,27.93,32.78,1214,a,15,3,2022,1,1,1
2022-03-15,20,18.28,32.22,1215,a,15,3,2022,1,1,1
2022-03-16,6,8.1,27.22,1216,a,16,3,2022,1,1,1
2022-03-16,7,7.65,27.22,1217,a,16,3,2022,1,1,1
2022-03-16,8,7.31,27.78,1218,a,16,3,2022,1,1,1
2022-03-16,9,25.65,30.0,1219,a,16,3,2022,1,1,1
2022-03-16,10,39.45,31.11,1220,a,16,3,2022,1,1,1
2022-03-16,11,37.48,32.22,1221,a,16,3,2022,1,1,1
2022-03-16,12,35.91,32.78,1222,a,16,3,2022,1,1,1
2022-03-16,13,35.95,35.0,1223,a,16,3,2022,1,1,1
2022-03-16,14,35.27,35.0,1224,a,16,3,2022,1,1,1
2022-03-16,15,37.02,36.11,1225,a,16,3,2022,1,1,1
2022-03-16,16,44.2,35.0,1226,a,16,3,2022,1,1,1
2022-03-16,17,49.77,35.0,1227,a,16,3,2022,1,1,1
2022-03-16,18,27.94,33.89,1228,a,16,3,2022,1,1,1
2022-03-16,19,25.27,32.22,1229,a,16,3,2022,1,1,1
2022-03-16,20,12.37,31.11,1230,a,16,3,2022,1,1,1
2022-03-17,6,6.91,23.89,1231,a,17,3,2022,1,1,1
2022-03-17,7,6.07,23.89,1232,a,17,3,2022,1,1,1
2022-03-17,8,5.19,26.11,1233,a,17,3,2022,1,1,1
2022-03-17,9,17.51,27.78,1234,a,17,3,2022,1,1,1
2022-03-17,10,37.51,30.0,1235,a,17,3,2022,1,1,1
2022-03-17,11,32.69,31.11,1236,a,17,3,2022,1,1,1
2022-03-17,12,29.33,31.11,1237,a,17,3,2022,1,1,1
2022-03-17,13,27.52,32.78,1238,a,17,3,2022,1,1,1
2022-03-17,14,34.75,33.89,1239,a,17,3,2022,1,1,1
2022-03-17,15,37.01,33.89,1240,a,17,3,2022,1,1,1
2022-03-17,16,45.4,35.0,1241,a,17,3,2022,1,1,1
2022-03-17,17,41.66,33.89,1242,a,17,3,2022,1,1,1
2022-03-17,18,38.66,32.78,1243,a,17,3,2022,1,1,1
2022-03-17,19,27.38,32.22,1244,a,17,3,2022,1,1,1
2022-03-17,20,15.31,31.11,1245,a,17,3,2022,1,1,1
2022-03-18,6,8.17,26.11,1246,a,18,3,2022,1,1,1
2022-03-18,7,8.25,26.11,1247,a,18,3,2022,1,1,1
2022-03-18,8,7.23,27.78,1248,a,18,3,2022,1,1,1
2022-03-18,9,33.54,30.0,1249,a,18,3,2022,1,1,1
2022-03-18,10,40.78,31.11,1250,a,18,3,2022,1,1,1
2022-03-18,11,45.15,31.11,1251,a,18,3,2022,1,1,1
2022-03-18,12,39.21,32.22,1252,a,18,3,2022,1,1,1
2022-03-18,13,38.32,32.78,1253,a,18,3,2022,1,1,1
2022-03-18,14,43.14,31.11,1254,a,18,3,2022,1,1,1
2022-03-18,15,44.42,31.11,1255,a,18,3,2022,1,1,1
2022-03-18,16,36.89,32.22,1256,a,18,3,2022,1,1,1
2022-03-18,17,40.64,32.22,1257,a,18,3,2022,1,1,1
2022-03-18,18,32.56,28.89,1258,a,18,3,2022,1,1,1
2022-03-18,19,19.48,27.22,1259,a,18,3,2022,1,1,1
2022-03-18,20,11.89,27.22,1260,a,18,3,2022,1,1,1
2022-03-19,6,7.33,22.78,1261,a,19,3,2022,1,0,0
2022-03-19,7,5.93,22.78,1262,a,19,3,2022,1,0,0
2022-03-19,8,4.55,25.0,1263,a,19,3,2022,1,0,0
2022-03-19,9,7.11,27.78,1264,a,19,3,2022,1,0,0
2022-03-19,10,10.63,28.89,1265,a,19,3,2022,1,0,0
2022-03-19,11,18.91,31.11,1266,a,19,3,2022,1,0,0
2022-03-19,12,18.96,32.22,1267,a,19,3,2022,1,0,0
2022-03-19,13,9.33,32.22,1268,a,19,3,2022,1,0,0
2022-03-19,14,13.81,32.22,1269,a,19,3,2022,1,0,0
2022-03-19,15,13.87,32.78,1270,a,19,3,2022,1,0,0
2022-03-19,16,13.98,32.78,1271,a,19,3,2022,1,0,0
2022-03-19,17,11.62,32.22,1272,a,19,3,2022,1,0,0
2022-03-19,18,11.49,31.11,1273,a,19,3,2022,1,0,0
2022-03-19,19,13.88,28.89,1274,a,19,3,2022,1,0,0
2022-03-19,20,12.62,27.78,1275,a,19,3,2022,1,0,0
2022-03-20,6,8.01,26.11,1276,a,20,3,2022,1,0,0
2022-03-20,7,7.53,26.11,1277,a,20,3,2022,1,0,0
2022-03-20,8,6.79,27.22,1278,a,20,3,2022,1,0,0
2022-03-20,9,4.9,27.78,1279,a,20,3,2022,1,0,0
2022-03-20,10,1.81,30.0,1280,a,20,3,2022,1,0,0
2022-03-20,11,6.61,31.11,1281,a,20,3,2022,1,0,0
2022-03-20,12,14.01,32.78,1282,a,20,3,2022,1,0,0
2022-03-20,13,2.13,32.78,1283,a,20,3,2022,1,0,0
2022-03-20,14,0.73,33.89,1284,a,20,3,2022,1,0,0
2022-03-20,15,0.13,33.89,1285,a,20,3,2022,1,0,0
2022-03-20,16,1.86,33.89,1286,a,20,3,2022,1,0,0
2022-03-20,17,4.22,33.89,1287,a,20,3,2022,1,0,0
2022-03-20,18,11.81,32.78,1288,a,20,3,2022,1,0,0
2022-03-20,19,13.68,30.0,1289,a,20,3,2022,1,0,0
2022-03-20,20,12.37,31.11,1290,a,20,3,2022,1,0,0
2022-03-21,6,7.35,23.89,1291,a,21,3,2022,1,1,1
2022-03-21,7,6.96,23.89,1292,a,21,3,2022,1,1,1
2022-03-21,8,5.42,27.22,1293,a,21,3,2022,1,1,1
2022-03-21,9,19.74,28.89,1294,a,21,3,2022,1,1,1
2022-03-21,10,42.49,30.0,1295,a,21,3,2022,1,1,1
2022-03-21,11,35.95,31.11,1296,a,21,3,2022,1,1,1
2022-03-21,12,26.98,32.22,1297,a,21,3,2022,1,1,1
2022-03-21,13,29.88,32.78,1298,a,21,3,2022,1,1,1
2022-03-21,14,39.03,32.78,1299,a,21,3,2022,1,1,1
2022-03-21,15,29.73,32.78,1300,a,21,3,2022,1,1,1
2022-03-21,16,34.33,32.78,1301,a,21,3,2022,1,1,1
2022-03-21,17,36.99,32.78,1302,a,21,3,2022,1,1,1
2022-03-21,18,31.95,32.22,1303,a,21,3,2022,1,1,1
2022-03-21,19,28.7,28.89,1304,a,21,3,2022,1,1,1
2022-03-21,20,16.66,28.89,1305,a,21,3,2022,1,1,1
2022-03-22,6,7.6,26.11,1306,a,22,3,2022,1,1,1
2022-03-22,7,7.11,27.22,1307,a,22,3,2022,1,1,1
2022-03-22,8,9.07,28.89,1308,a,22,3,2022,1,1,1
2022-03-22,9,26.74,30.0,1309,a,22,3,2022,1,1,1
2022-03-22,10,48.37,31.11,1310,a,22,3,2022,1,1,1
2022-03-22,11,48.22,32.22,1311,a,22,3,2022,1,1,1
2022-03-22,12,35.5,32.78,1312,a,22,3,2022,1,1,1
2022-03-22,13,44.42,32.78,1313,a,22,3,2022,1,1,1
2022-03-22,14,48.57,32.78,1314,a,22,3,2022,1,1,1
2022-03-22,15,51.03,33.89,1315,a,22,3,2022,1,1,1
2022-03-22,16,42.29,33.89,1316,a,22,3,2022,1,1,1
2022-03-22,17,44.1,32.78,1317,a,22,3,2022,1,1,1
2022-03-22,18,33.11,32.78,1318,a,22,3,2022,1,1,1
2022-03-22,19,24.28,31.11,1319,a,22,3,2022,1,1,1
2022-03-22,20,12.36,30.0,1320,a,22,3,2022,1,1,1
2022-03-23,6,7.75,26.11,1321,a,23,3,2022,1,1,1
2022-03-23,7,7.03,25.0,1322,a,23,3,2022,1,1,1
2022-03-23,8,7.64,27.22,1323,a,23,3,2022,1,1,1
2022-03-23,9,20.35,28.89,1324,a,23,3,2022,1,1,1
2022-03-23,10,34.53,30.0,1325,a,23,3,2022,1,1,1
2022-03-23,11,38.98,31.11,1326,a,23,3,2022,1,1,1
2022-03-23,12,29.0,31.11,1327,a,23,3,2022,1,1,1
2022-03-23,13,34.84,32.78,1328,a,23,3,2022,1,1,1
2022-03-23,14,37.47,32.78,1329,a,23,3,2022,1,1,1
2022-03-23,15,43.33,32.78,1330,a,23,3,2022,1,1,1
2022-03-23,16,48.06,33.89,1331,a,23,3,2022,1,1,1
2022-03-23,17,39.58,33.89,1332,a,23,3,2022,1,1,1
2022-03-23,18,29.31,32.78,1333,a,23,3,2022,1,1,1
2022-03-23,19,22.57,31.11,1334,a,23,3,2022,1,1,1
2022-03-23,20,11.7,30.0,1335,a,23,3,2022,1,1,1
2022-03-24,6,8.04,25.0,1336,a,24,3,2022,1,1,1
2022-03-24,7,6.89,25.0,1337,a,24,3,2022,1,1,1
2022-03-24,8,4.01,27.22,1338,a,24,3,2022,1,1,1
2022-03-24,9,11.55,27.78,1339,a,24,3,2022,1,1,1
2022-03-24,10,33.73,27.78,1340,a,24,3,2022,1,1,1
2022-03-24,11,26.32,28.89,1341,a,24,3,2022,1,1,1
2022-03-24,12,21.18,30.0,1342,a,24,3,2022,1,1,1
2022-03-24,13,30.49,31.11,1343,a,24,3,2022,1,1,1
2022-03-24,14,28.75,32.22,1344,a,24,3,2022,1,1,1
2022-03-24,15,35.29,32.78,1345,a,24,3,2022,1,1,1
2022-03-24,16,35.15,33.89,1346,a,24,3,2022,1,1,1
2022-03-24,17,37.56,33.89,1347,a,24,3,2022,1,1,1
2022-03-24,18,31.76,32.78,1348,a,24,3,2022,1,1,1
2022-03-24,19,26.91,31.11,1349,a,24,3,2022,1,1,1
2022-03-24,20,13.0,30.0,1350,a,24,3,2022,1,1,1
2022-03-25,6,7.69,23.89,1351,a,25,3,2022,1,1,1
2022-03-25,7,7.38,25.0,1352,a,25,3,2022,1,1,1
2022-03-25,8,5.34,26.11,1353,a,25,3,2022,1,1,1
2022-03-25,9,11.0,28.89,1354,a,25,3,2022,1,1,1
2022-03-25,10,23.64,30.0,1355,a,25,3,2022,1,1,1
2022-03-25,11,17.52,31.11,1356,a,25,3,2022,1,1,1
2022-03-25,12,18.75,32.78,1357,a,25,3,2022,1,1,1
2022-03-25,13,24.98,33.89,1358,a,25,3,2022,1,1,1
2022-03-25,14,26.41,35.0,1359,a,25,3,2022,1,1,1
2022-03-25,15,28.23,35.0,1360,a,25,3,2022,1,1,1
2022-03-25,16,36.38,35.0,1361,a,25,3,2022,1,1,1
2022-03-25,17,41.75,35.0,1362,a,25,3,2022,1,1,1
2022-03-25,18,38.06,33.89,1363,a,25,3,2022,1,1,1
2022-03-25,19,28.33,32.22,1364,a,25,3,2022,1,1,1
2022-03-25,20,16.37,31.11,1365,a,25,3,2022,1,1,1
2022-03-26,6,8.57,27.22,1366,a,26,3,2022,1,0,0
2022-03-26,7,7.37,27.22,1367,a,26,3,2022,1,0,0
2022-03-26,8,3.96,28.89,1368,a,26,3,2022,1,0,0
2022-03-26,9,0.45,30.0,1369,a,26,3,2022,1,0,0
2022-03-26,10,1.09,31.11,1370,a,26,3,2022,1,0,0
2022-03-26,11,1.28,32.78,1371,a,26,3,2022,1,0,0
2022-03-26,12,0.33,33.89,1372,a,26,3,2022,1,0,0
2022-03-26,13,3.08,35.0,1373,a,26,3,2022,1,0,0
2022-03-26,14,1.48,36.11,1374,a,26,3,2022,1,0,0
2022-03-26,15,8.04,36.11,1375,a,26,3,2022,1,0,0
2022-03-26,16,11.46,36.11,1376,a,26,3,2022,1,0,0
2022-03-26,17,14.05,36.11,1377,a,26,3,2022,1,0,0
2022-03-26,18,9.77,35.0,1378,a,26,3,2022,1,0,0
2022-03-26,19,14.39,31.11,1379,a,26,3,2022,1,0,0
2022-03-26,20,12.5,30.0,1380,a,26,3,2022,1,0,0
2022-03-27,6,8.14,26.11,1381,a,27,3,2022,1,0,0
2022-03-27,7,7.15,27.22,1382,a,27,3,2022,1,0,0
2022-03-27,8,4.15,28.89,1383,a,27,3,2022,1,0,0
2022-03-27,9,0.47,31.11,1384,a,27,3,2022,1,0,0
2022-03-27,10,0.0,32.22,1385,a,27,3,2022,1,0,0
2022-03-27,11,0.0,32.78,1386,a,27,3,2022,1,0,0
2022-03-27,12,0.25,33.89,1387,a,27,3,2022,1,0,0
2022-03-27,13,0.0,35.0,1388,a,27,3,2022,1,0,0
2022-03-27,14,0.02,36.11,1389,a,27,3,2022,1,0,0
2022-03-27,15,0.64,36.11,1390,a,27,3,2022,1,0,0
2022-03-27,16,1.29,36.11,1391,a,27,3,2022,1,0,0
2022-03-27,17,7.11,36.11,1392,a,27,3,2022,1,0,0
2022-03-27,18,12.57,35.0,1393,a,27,3,2022,1,0,0
2022-03-27,19,15.71,32.78,1394,a,27,3,2022,1,0,0
2022-03-27,20,13.02,32.22,1395,a,27,3,2022,1,0,0
2022-03-28,6,8.96,27.22,1396,a,28,3,2022,1,1,1
2022-03-28,7,8.27,27.78,1397,a,28,3,2022,1,1,1
2022-03-28,8,7.03,28.89,1398,a,28,3,2022,1,1,1
2022-03-28,9,19.5,31.11,1399,a,28,3,2022,1,1,1
2022-03-28,10,35.3,32.78,1400,a,28,3,2022,1,1,1
2022-03-28,11,35.55,32.78,1401,a,28,3,2022,1,1,1
2022-03-28,12,40.75,33.89,1402,a,28,3,2022,1,1,1
2022-03-28,13,41.87,35.0,1403,a,28,3,2022,1,1,1
2022-03-28,14,51.36,35.0,1404,a,28,3,2022,1,1,1
2022-03-28,15,46.22,33.89,1405,a,28,3,2022,1,1,1
2022-03-28,16,53.22,32.78,1406,a,28,3,2022,1,1,1
2022-03-28,17,43.86,32.22,1407,a,28,3,2022,1,1,1
2022-03-28,18,32.9,31.11,1408,a,28,3,2022,1,1,1
2022-03-28,19,25.97,28.89,1409,a,28,3,2022,1,1,1
2022-03-28,20,11.81,27.22,1410,a,28,3,2022,1,1,1
2022-03-29,6,8.48,25.0,1411,a,29,3,2022,1,1,1
2022-03-29,7,7.53,25.0,1412,a,29,3,2022,1,1,1
2022-03-29,8,6.32,26.11,1413,a,29,3,2022,1,1,1
2022-03-29,9,11.18,27.78,1414,a,29,3,2022,1,1,1
2022-03-29,10,34.91,28.89,1415,a,29,3,2022,1,1,1
2022-03-29,11,35.56,31.11,1416,a,29,3,2022,1,1,1
2022-03-29,12,37.03,32.78,1417,a,29,3,2022,1,1,1
2022-03-29,13,36.5,33.89,1418,a,29,3,2022,1,1,1
2022-03-29,14,36.38,33.89,1419,a,29,3,2022,1,1,1
2022-03-29,15,33.05,33.89,1420,a,29,3,2022,1,1,1
2022-03-29,16,39.18,35.0,1421,a,29,3,2022,1,1,1
2022-03-29,17,38.71,33.89,1422,a,29,3,2022,1,1,1
2022-03-29,18,33.18,33.89,1423,a,29,3,2022,1,1,1
2022-03-29,19,25.46,32.22,1424,a,29,3,2022,1,1,1
2022-03-29,20,24.25,30.0,1425,a,29,3,2022,1,1,1
2022-03-30,6,8.33,25.0,1426,a,30,3,2022,1,1,1
2022-03-30,7,8.03,25.0,1427,a,30,3,2022,1,1,1
2022-03-30,8,7.68,25.0,1428,a,30,3,2022,1,1,1
2022-03-30,9,13.11,27.22,1429,a,30,3,2022,1,1,1
2022-03-30,10,26.14,30.0,1430,a,30,3,2022,1,1,1
2022-03-30,11,20.58,31.11,1431,a,30,3,2022,1,1,1
2022-03-30,12,18.27,32.22,1432,a,30,3,2022,1,1,1
2022-03-30,13,20.0,32.22,1433,a,30,3,2022,1,1,1
2022-03-30,14,23.11,32.78,1434,a,30,3,2022,1,1,1
2022-03-30,15,30.92,33.89,1435,a,30,3,2022,1,1,1
2022-03-30,16,30.44,33.89,1436,a,30,3,2022,1,1,1
2022-03-30,17,34.18,33.89,1437,a,30,3,2022,1,1,1
2022-03-30,18,31.05,32.78,1438,a,30,3,2022,1,1,1
2022-03-30,19,25.36,31.11,1439,a,30,3,2022,1,1,1
2022-03-30,20,21.86,28.89,1440,a,30,3,2022,1,1,1
2022-03-31,6,7.5,26.11,1441,a,31,3,2022,1,1,1
2022-03-31,7,7.17,26.11,1442,a,31,3,2022,1,1,1
2022-03-31,8,5.36,27.78,1443,a,31,3,2022,1,1,1
2022-03-31,9,15.6,31.11,1444,a,31,3,2022,1,1,1
2022-03-31,10,25.39,32.22,1445,a,31,3,2022,1,1,1
2022-03-31,11,23.48,33.89,1446,a,31,3,2022,1,1,1
2022-03-31,12,26.28,33.89,1447,a,31,3,2022,1,1,1
2022-03-31,13,31.55,35.0,1448,a,31,3,2022,1,1,1
2022-03-31,14,41.89,36.11,1449,a,31,3,2022,1,1,1
2022-03-31,15,39.03,37.22,1450,a,31,3,2022,1,1,1
2022-03-31,16,44.58,36.11,1451,a,31,3,2022,1,1,1
2022-03-31,17,49.89,36.11,1452,a,31,3,2022,1,1,1
2022-03-31,18,46.56,36.11,1453,a,31,3,2022,1,1,1
2022-03-31,19,35.17,32.22,1454,a,31,3,2022,1,1,1
2022-03-31,20,16.1,31.11,1455,a,31,3,2022,1,1,1
2022-01-04,6,9.12,27.22,1456,a,1,4,2022,1,1,1
2022-01-04,7,8.1,27.22,1457,a,1,4,2022,1,1,1
2022-01-04,8,5.65,28.89,1458,a,1,4,2022,1,1,1
2022-01-04,9,16.58,31.11,1459,a,1,4,2022,1,1,1
2022-01-04,10,29.09,32.22,1460,a,1,4,2022,1,1,1
2022-01-04,11,26.52,33.89,1461,a,1,4,2022,1,1,1
2022-01-04,12,28.39,33.89,1462,a,1,4,2022,1,1,1
2022-01-04,13,35.7,35.0,1463,a,1,4,2022,1,1,1
2022-01-04,14,45.27,35.0,1464,a,1,4,2022,1,1,1
2022-01-04,15,44.92,35.0,1465,a,1,4,2022,1,1,1
2022-01-04,16,43.27,32.22,1466,a,1,4,2022,1,1,1
2022-01-04,17,39.36,31.11,1467,a,1,4,2022,1,1,1
2022-01-04,18,34.59,30.0,1468,a,1,4,2022,1,1,1
2022-01-04,19,27.01,27.78,1469,a,1,4,2022,1,1,1
2022-02-04,6,8.95,25.0,1470,a,2,4,2022,1,1,1
2022-02-04,7,8.11,26.11,1471,a,2,4,2022,1,1,1
2022-02-04,8,4.44,28.89,1472,a,2,4,2022,1,1,1
2022-02-04,9,1.17,28.89,1473,a,2,4,2022,1,1,1
2022-02-04,10,0.02,30.0,1474,a,2,4,2022,1,1,1
2022-02-04,11,1.15,31.11,1475,a,2,4,2022,1,1,1
2022-02-04,12,1.5,32.22,1476,a,2,4,2022,1,1,1
2022-02-04,13,4.88,32.22,1477,a,2,4,2022,1,1,1
2022-02-04,14,11.94,31.11,1478,a,2,4,2022,1,1,1
2022-02-04,15,16.06,28.89,1479,a,2,4,2022,1,1,1
2022-02-04,16,13.69,27.78,1480,a,2,4,2022,1,1,1
2022-02-04,17,11.03,27.78,1481,a,2,4,2022,1,1,1
2022-02-04,18,10.36,27.78,1482,a,2,4,2022,1,1,1
2022-02-04,19,10.45,26.11,1483,a,2,4,2022,1,1,1
2022-02-04,20,9.53,26.11,1484,a,2,4,2022,1,1,1
2022-03-04,6,6.86,22.78,1485,a,3,4,2022,1,1,1
2022-03-04,7,6.0,22.78,1486,a,3,4,2022,1,1,1
2022-03-04,8,4.73,22.78,1487,a,3,4,2022,1,1,1
2022-03-04,9,4.47,22.78,1488,a,3,4,2022,1,1,1
2022-03-04,10,2.25,23.89,1489,a,3,4,2022,1,1,1
2022-03-04,11,0.67,26.11,1490,a,3,4,2022,1,1,1
2022-03-04,12,0.14,25.0,1491,a,3,4,2022,1,1,1
2022-03-04,13,0.04,27.22,1492,a,3,4,2022,1,1,1
2022-03-04,14,0.81,27.22,1493,a,3,4,2022,1,1,1
2022-03-04,15,2.59,27.22,1494,a,3,4,2022,1,1,1
2022-03-04,16,5.53,27.22,1495,a,3,4,2022,1,1,1
2022-03-04,17,6.55,26.11,1496,a,3,4,2022,1,1,1
2022-03-04,18,8.72,25.0,1497,a,3,4,2022,1,1,1
2022-03-04,19,10.59,25.0,1498,a,3,4,2022,1,1,1
2022-03-04,20,9.75,25.0,1499,a,3,4,2022,1,1,1
2022-04-04,5,6.93,22.78,1500,a,4,4,2022,1,1,1
2022-04-04,6,6.74,22.78,1501,a,4,4,2022,1,1,1
2022-04-04,7,5.86,22.78,1502,a,4,4,2022,1,1,1
2022-04-04,8,4.81,25.0,1503,a,4,4,2022,1,1,1
2022-04-04,9,9.58,26.11,1504,a,4,4,2022,1,1,1
2022-04-04,10,12.33,27.22,1505,a,4,4,2022,1,1,1
2022-04-04,11,13.2,27.78,1506,a,4,4,2022,1,1,1
2022-04-04,12,6.88,30.0,1507,a,4,4,2022,1,1,1
2022-04-04,13,9.35,31.11,1508,a,4,4,2022,1,1,1
2022-04-04,14,12.04,31.11,1509,a,4,4,2022,1,1,1
2022-04-04,15,18.09,32.78,1510,a,4,4,2022,1,1,1
2022-04-04,16,26.52,32.22,1511,a,4,4,2022,1,1,1
2022-04-04,17,30.59,32.22,1512,a,4,4,2022,1,1,1
2022-04-04,18,28.47,31.11,1513,a,4,4,2022,1,1,1
2022-04-04,19,17.51,28.89,1514,a,4,4,2022,1,1,1
2022-04-04,20,14.88,26.11,1515,a,4,4,2022,1,1,1
2022-05-04,6,7.09,21.11,1516,a,5,4,2022,0,1,0
2022-05-04,7,5.83,23.89,1517,a,5,4,2022,0,1,0
2022-05-04,8,4.2,27.22,1518,a,5,4,2022,0,1,0
2022-05-04,9,9.13,28.89,1519,a,5,4,2022,0,1,0
2022-05-04,10,14.58,31.11,1520,a,5,4,2022,0,1,0
2022-05-04,11,14.36,32.22,1521,a,5,4,2022,0,1,0
2022-05-04,12,16.31,32.78,1522,a,5,4,2022,0,1,0
2022-05-04,13,25.98,33.89,1523,a,5,4,2022,0,1,0
2022-05-04,14,37.64,35.0,1524,a,5,4,2022,0,1,0
2022-05-04,15,38.14,35.0,1525,a,5,4,2022,0,1,0
2022-05-04,16,40.85,35.0,1526,a,5,4,2022,0,1,0
2022-05-04,17,45.65,35.0,1527,a,5,4,2022,0,1,0
2022-05-04,18,36.46,33.89,1528,a,5,4,2022,0,1,0
2022-05-04,19,22.01,31.11,1529,a,5,4,2022,0,1,0
2022-05-04,20,14.38,31.11,1530,a,5,4,2022,0,1,0
2022-06-04,6,7.64,22.22,1531,a,6,4,2022,1,0,0
2022-06-04,7,6.47,25.0,1532,a,6,4,2022,1,0,0
2022-06-04,8,3.62,28.89,1533,a,6,4,2022,1,0,0
2022-06-04,9,1.22,31.11,1534,a,6,4,2022,1,0,0
2022-06-04,10,0.49,32.78,1535,a,6,4,2022,1,0,0
2022-06-04,11,0.0,33.89,1536,a,6,4,2022,1,0,0
2022-06-04,12,1.76,33.89,1537,a,6,4,2022,1,0,0
2022-06-04,13,5.5,33.89,1538,a,6,4,2022,1,0,0
2022-06-04,14,7.36,35.0,1539,a,6,4,2022,1,0,0
2022-06-04,15,3.99,36.11,1540,a,6,4,2022,1,0,0
2022-06-04,16,5.64,36.11,1541,a,6,4,2022,1,0,0
2022-06-04,17,7.48,36.11,1542,a,6,4,2022,1,0,0
2022-06-04,18,11.44,36.11,1543,a,6,4,2022,1,0,0
2022-06-04,19,13.2,30.0,1544,a,6,4,2022,1,0,0
2022-06-04,20,16.77,27.78,1545,a,6,4,2022,1,0,0
2022-07-04,10,41.28,31.11,1546,a,7,4,2022,1,1,1
2022-07-04,13,28.92,32.78,1547,a,7,4,2022,1,1,1
2022-07-04,17,43.89,32.78,1548,a,7,4,2022,1,1,1
2022-08-04,6,8.77,25.0,1549,a,8,4,2022,1,1,1
2022-08-04,7,7.56,25.0,1550,a,8,4,2022,1,1,1
2022-08-04,8,7.67,27.22,1551,a,8,4,2022,1,1,1
2022-08-04,9,28.86,28.89,1552,a,8,4,2022,1,1,1
2022-08-04,10,30.99,30.0,1553,a,8,4,2022,1,1,1
2022-08-04,11,26.54,31.11,1554,a,8,4,2022,1,1,1
2022-08-04,12,27.14,32.22,1555,a,8,4,2022,1,1,1
2022-08-04,13,31.99,32.78,1556,a,8,4,2022,1,1,1
2022-08-04,14,34.39,32.78,1557,a,8,4,2022,1,1,1
2022-08-04,15,37.01,32.78,1558,a,8,4,2022,1,1,1
2022-08-04,16,34.74,32.78,1559,a,8,4,2022,1,1,1
2022-08-04,17,30.5,32.22,1560,a,8,4,2022,1,1,1
2022-08-04,18,25.59,32.22,1561,a,8,4,2022,1,1,1
2022-08-04,19,12.08,30.0,1562,a,8,4,2022,1,1,1
2022-08-04,20,10.73,28.89,1563,a,8,4,2022,1,1,1
2022-09-04,6,7.46,22.22,1564,a,9,4,2022,1,0,0
2022-09-04,7,6.37,22.78,1565,a,9,4,2022,1,0,0
2022-09-04,8,4.24,26.11,1566,a,9,4,2022,1,0,0
2022-09-04,9,1.09,27.78,1567,a,9,4,2022,1,0,0
2022-09-04,10,0.19,31.11,1568,a,9,4,2022,1,0,0
2022-09-04,11,0.33,32.22,1569,a,9,4,2022,1,0,0
2022-09-04,12,0.03,32.78,1570,a,9,4,2022,1,0,0
2022-09-04,13,0.04,32.78,1571,a,9,4,2022,1,0,0
2022-09-04,14,0.07,33.89,1572,a,9,4,2022,1,0,0
2022-09-04,15,0.45,33.89,1573,a,9,4,2022,1,0,0
2022-09-04,16,1.59,35.0,1574,a,9,4,2022,1,0,0
2022-09-04,17,5.47,33.89,1575,a,9,4,2022,1,0,0
2022-09-04,18,9.66,32.78,1576,a,9,4,2022,1,0,0
2022-09-04,19,12.23,31.11,1577,a,9,4,2022,1,0,0
2022-09-04,20,11.38,28.89,1578,a,9,4,2022,1,0,0
2022-10-04,6,7.97,22.22,1579,a,10,4,2022,1,1,1
2022-10-04,7,6.3,23.89,1580,a,10,4,2022,1,1,1
2022-10-04,8,3.62,26.11,1581,a,10,4,2022,1,1,1
2022-10-04,9,0.61,28.89,1582,a,10,4,2022,1,1,1
2022-10-04,10,7.33,31.11,1583,a,10,4,2022,1,1,1
2022-10-04,11,8.63,32.22,1584,a,10,4,2022,1,1,1
2022-10-04,15,1.33,36.11,1585,a,10,4,2022,1,1,1
2022-10-04,16,12.41,36.11,1586,a,10,4,2022,1,1,1
2022-10-04,17,8.83,36.11,1587,a,10,4,2022,1,1,1
2022-10-04,18,10.39,33.89,1588,a,10,4,2022,1,1,1
2022-10-04,19,12.4,30.0,1589,a,10,4,2022,1,1,1
2022-10-04,20,10.47,27.78,1590,a,10,4,2022,1,1,1
2022-11-04,6,8.21,27.22,1591,a,11,4,2022,1,1,1
2022-11-04,7,7.86,27.22,1592,a,11,4,2022,1,1,1
2022-11-04,8,6.04,28.89,1593,a,11,4,2022,1,1,1
2022-11-04,9,23.63,30.0,1594,a,11,4,2022,1,1,1
2022-11-04,10,34.83,32.22,1595,a,11,4,2022,1,1,1
2022-11-04,11,28.03,32.78,1596,a,11,4,2022,1,1,1
2022-11-04,12,31.12,33.89,1597,a,11,4,2022,1,1,1
2022-11-04,13,30.28,36.11,1598,a,11,4,2022,1,1,1
2022-11-04,14,34.02,35.0,1599,a,11,4,2022,1,1,1
2022-11-04,15,39.77,36.11,1600,a,11,4,2022,1,1,1
2022-11-04,16,40.25,36.11,1601,a,11,4,2022,1,1,1
2022-11-04,17,40.12,36.11,1602,a,11,4,2022,1,1,1
2022-11-04,18,23.77,35.0,1603,a,11,4,2022,1,1,1
2022-11-04,19,13.54,32.78,1604,a,11,4,2022,1,1,1
2022-11-04,20,11.0,32.22,1605,a,11,4,2022,1,1,1
2022-12-04,6,8.39,26.11,1606,a,12,4,2022,1,0,0
2022-12-04,7,7.92,27.22,1607,a,12,4,2022,1,0,0
2022-12-04,8,4.99,28.89,1608,a,12,4,2022,1,0,0
2022-12-04,9,7.18,31.11,1609,a,12,4,2022,1,0,0
2022-12-04,10,16.11,32.22,1610,a,12,4,2022,1,0,0
2022-12-04,11,27.38,32.78,1611,a,12,4,2022,1,0,0
2022-12-04,12,33.53,35.0,1612,a,12,4,2022,1,0,0
2022-12-04,13,30.56,36.11,1613,a,12,4,2022,1,0,0
2022-12-04,14,27.78,37.22,1614,a,12,4,2022,1,0,0
2022-12-04,15,28.58,37.78,1615,a,12,4,2022,1,0,0
2022-12-04,16,34.16,37.22,1616,a,12,4,2022,1,0,0
2022-12-04,17,24.8,37.22,1617,a,12,4,2022,1,0,0
2022-12-04,18,11.64,35.0,1618,a,12,4,2022,1,0,0
2022-12-04,19,13.76,32.22,1619,a,12,4,2022,1,0,0
2022-12-04,20,11.16,31.11,1620,a,12,4,2022,1,0,0
2022-04-13,6,8.43,27.22,1621,a,13,4,2022,0,1,0
2022-04-13,7,7.31,27.22,1622,a,13,4,2022,0,1,0
2022-04-13,8,4.45,28.89,1623,a,13,4,2022,0,1,0
2022-04-13,9,0.78,31.11,1624,a,13,4,2022,0,1,0
2022-04-13,10,0.0,32.22,1625,a,13,4,2022,0,1,0
2022-04-13,11,0.0,32.78,1626,a,13,4,2022,0,1,0
2022-04-13,13,0.0,36.11,1627,a,13,4,2022,0,1,0
2022-04-13,14,0.0,37.22,1628,a,13,4,2022,0,1,0
2022-04-13,15,0.0,37.22,1629,a,13,4,2022,0,1,0
2022-04-13,16,0.6,37.78,1630,a,13,4,2022,0,1,0
2022-04-13,17,5.23,37.78,1631,a,13,4,2022,0,1,0
2022-04-13,18,9.95,36.11,1632,a,13,4,2022,0,1,0
2022-04-13,19,11.86,32.78,1633,a,13,4,2022,0,1,0
2022-04-13,20,11.1,32.22,1634,a,13,4,2022,0,1,0
2022-04-14,6,8.64,26.11,1635,a,14,4,2022,0,1,0
2022-04-14,7,7.6,26.11,1636,a,14,4,2022,0,1,0
2022-04-14,8,4.64,27.78,1637,a,14,4,2022,0,1,0
2022-04-14,9,0.71,31.11,1638,a,14,4,2022,0,1,0
2022-04-14,10,0.0,32.78,1639,a,14,4,2022,0,1,0
2022-04-14,11,0.0,35.0,1640,a,14,4,2022,0,1,0
2022-04-14,12,0.0,35.0,1641,a,14,4,2022,0,1,0
2022-04-14,13,0.0,36.11,1642,a,14,4,2022,0,1,0
2022-04-14,14,0.0,37.22,1643,a,14,4,2022,0,1,0
2022-04-14,15,0.02,37.78,1644,a,14,4,2022,0,1,0
2022-04-14,16,2.78,37.78,1645,a,14,4,2022,0,1,0
2022-04-14,17,6.3,37.78,1646,a,14,4,2022,0,1,0
2022-04-14,18,9.05,37.22,1647,a,14,4,2022,0,1,0
2022-04-14,19,9.76,33.89,1648,a,14,4,2022,0,1,0
2022-04-14,20,11.49,32.78,1649,a,14,4,2022,0,1,0
2022-04-15,6,8.61,26.11,1650,a,15,4,2022,0,1,0
2022-04-15,7,7.8,26.11,1651,a,15,4,2022,0,1,0
2022-04-15,8,4.58,28.89,1652,a,15,4,2022,0,1,0
2022-04-15,9,0.61,32.22,1653,a,15,4,2022,0,1,0
2022-04-15,10,0.0,33.89,1654,a,15,4,2022,0,1,0
2022-04-15,11,0.0,35.0,1655,a,15,4,2022,0,1,0
2022-04-15,12,0.0,36.11,1656,a,15,4,2022,0,1,0
2022-04-15,13,0.0,37.22,1657,a,15,4,2022,0,1,0
2022-04-15,14,0.26,37.78,1658,a,15,4,2022,0,1,0
2022-04-15,15,1.31,37.78,1659,a,15,4,2022,0,1,0
2022-04-15,16,2.99,37.78,1660,a,15,4,2022,0,1,0
2022-04-15,17,7.84,37.78,1661,a,15,4,2022,0,1,0
2022-04-15,18,11.3,36.11,1662,a,15,4,2022,0,1,0
2022-04-15,19,13.11,35.0,1663,a,15,4,2022,0,1,0
2022-04-15,20,10.67,32.78,1664,a,15,4,2022,0,1,0
2022-04-16,6,9.37,27.22,1665,a,16,4,2022,1,0,0
2022-04-16,7,7.91,27.78,1666,a,16,4,2022,1,0,0
2022-04-16,8,4.86,30.0,1667,a,16,4,2022,1,0,0
2022-04-16,9,0.89,32.22,1668,a,16,4,2022,1,0,0
2022-04-16,10,0.0,32.78,1669,a,16,4,2022,1,0,0
2022-04-16,11,0.0,35.0,1670,a,16,4,2022,1,0,0
2022-04-16,12,0.0,36.11,1671,a,16,4,2022,1,0,0
2022-04-16,13,0.0,37.22,1672,a,16,4,2022,1,0,0
2022-04-16,14,0.0,37.78,1673,a,16,4,2022,1,0,0
2022-04-16,15,0.04,37.78,1674,a,16,4,2022,1,0,0
2022-04-16,16,2.29,37.78,1675,a,16,4,2022,1,0,0
2022-04-16,17,8.9,37.78,1676,a,16,4,2022,1,0,0
2022-04-16,18,12.5,37.22,1677,a,16,4,2022,1,0,0
2022-04-16,19,13.49,33.89,1678,a,16,4,2022,1,0,0
2022-04-16,20,12.92,32.78,1679,a,16,4,2022,1,0,0
2022-04-17,6,9.75,27.78,1680,a,17,4,2022,1,0,0
2022-04-17,7,8.27,27.78,1681,a,17,4,2022,1,0,0
2022-04-17,8,5.28,30.0,1682,a,17,4,2022,1,0,0
2022-04-17,9,1.19,32.22,1683,a,17,4,2022,1,0,0
2022-04-17,10,0.0,32.78,1684,a,17,4,2022,1,0,0
2022-04-17,11,4.65,33.89,1685,a,17,4,2022,1,0,0
2022-04-17,12,14.94,35.0,1686,a,17,4,2022,1,0,0
2022-04-17,13,13.37,36.11,1687,a,17,4,2022,1,0,0
2022-04-17,14,14.63,37.22,1688,a,17,4,2022,1,0,0
2022-04-17,15,16.11,37.22,1689,a,17,4,2022,1,0,0
2022-04-17,16,21.12,37.78,1690,a,17,4,2022,1,0,0
2022-04-17,17,23.24,37.22,1691,a,17,4,2022,1,0,0
2022-04-17,18,28.98,36.11,1692,a,17,4,2022,1,0,0
2022-04-17,19,21.1,32.22,1693,a,17,4,2022,1,0,0
2022-04-17,20,17.79,28.89,1694,a,17,4,2022,1,0,0
2022-04-18,6,9.11,26.11,1695,a,18,4,2022,1,1,1
2022-04-18,7,8.93,26.11,1696,a,18,4,2022,1,1,1
2022-04-18,8,6.11,27.78,1697,a,18,4,2022,1,1,1
2022-04-18,9,11.85,30.0,1698,a,18,4,2022,1,1,1
2022-04-18,10,43.4,31.11,1699,a,18,4,2022,1,1,1
2022-04-18,11,46.88,32.22,1700,a,18,4,2022,1,1,1
2022-04-18,12,50.7,32.78,1701,a,18,4,2022,1,1,1
2022-04-18,13,46.89,33.89,1702,a,18,4,2022,1,1,1
2022-04-18,14,52.78,32.78,1703,a,18,4,2022,1,1,1
2022-04-18,15,61.42,25.0,1704,a,18,4,2022,1,1,1
2022-04-18,16,47.75,26.11,1705,a,18,4,2022,1,1,1
2022-04-18,17,42.94,26.11,1706,a,18,4,2022,1,1,1
2022-04-18,18,21.6,25.0,1707,a,18,4,2022,1,1,1
2022-04-18,19,12.11,25.0,1708,a,18,4,2022,1,1,1
2022-04-18,20,11.46,26.11,1709,a,18,4,2022,1,1,1
2022-04-19,6,7.57,23.89,1710,a,19,4,2022,1,1,1
2022-04-19,7,7.22,25.0,1711,a,19,4,2022,1,1,1
2022-04-19,8,4.92,27.22,1712,a,19,4,2022,1,1,1
2022-04-19,9,19.05,28.89,1713,a,19,4,2022,1,1,1
2022-04-19,10,22.99,31.11,1714,a,19,4,2022,1,1,1
2022-04-19,11,21.26,32.22,1715,a,19,4,2022,1,1,1
2022-04-19,12,24.67,32.78,1716,a,19,4,2022,1,1,1
2022-04-19,13,24.19,33.89,1717,a,19,4,2022,1,1,1
2022-04-19,14,32.34,33.89,1718,a,19,4,2022,1,1,1
2022-04-19,15,40.33,33.89,1719,a,19,4,2022,1,1,1
2022-04-19,16,45.31,33.89,1720,a,19,4,2022,1,1,1
2022-04-19,17,39.68,32.78,1721,a,19,4,2022,1,1,1
2022-04-19,18,23.14,30.0,1722,a,19,4,2022,1,1,1
2022-04-19,19,18.64,28.89,1723,a,19,4,2022,1,1,1
2022-04-19,20,15.95,27.78,1724,a,19,4,2022,1,1,1
2022-04-20,6,8.36,26.11,1725,a,20,4,2022,1,1,1
2022-04-20,7,8.24,26.11,1726,a,20,4,2022,1,1,1
2022-04-20,8,6.0,27.78,1727,a,20,4,2022,1,1,1
2022-04-20,9,13.09,28.89,1728,a,20,4,2022,1,1,1
2022-04-20,10,25.2,31.11,1729,a,20,4,2022,1,1,1
2022-04-20,11,27.08,32.22,1730,a,20,4,2022,1,1,1
2022-04-20,12,25.77,32.78,1731,a,20,4,2022,1,1,1
2022-04-20,13,27.2,33.89,1732,a,20,4,2022,1,1,1
2022-04-20,14,33.31,33.89,1733,a,20,4,2022,1,1,1
2022-04-20,15,40.61,35.0,1734,a,20,4,2022,1,1,1
2022-04-20,16,46.5,35.0,1735,a,20,4,2022,1,1,1
2022-04-20,17,43.53,32.22,1736,a,20,4,2022,1,1,1
2022-04-20,18,25.27,27.22,1737,a,20,4,2022,1,1,1
2022-04-20,19,20.84,26.11,1738,a,20,4,2022,1,1,1
2022-04-20,20,13.85,27.22,1739,a,20,4,2022,1,1,1
2022-04-21,6,8.37,25.0,1740,a,21,4,2022,1,1,1
2022-04-21,7,7.66,26.11,1741,a,21,4,2022,1,1,1
2022-04-21,8,7.44,26.11,1742,a,21,4,2022,1,1,1
2022-04-21,9,26.59,27.78,1743,a,21,4,2022,1,1,1
2022-04-21,10,31.67,30.0,1744,a,21,4,2022,1,1,1
2022-04-21,11,37.63,31.11,1745,a,21,4,2022,1,1,1
2022-04-21,12,38.03,32.78,1746,a,21,4,2022,1,1,1
2022-04-21,13,46.61,33.89,1747,a,21,4,2022,1,1,1
2022-04-21,14,62.25,33.89,1748,a,21,4,2022,1,1,1
2022-04-21,15,72.81,33.89,1749,a,21,4,2022,1,1,1
2022-04-21,16,78.74,35.0,1750,a,21,4,2022,1,1,1
2022-04-21,17,69.42,35.0,1751,a,21,4,2022,1,1,1
2022-04-21,18,50.84,33.89,1752,a,21,4,2022,1,1,1
2022-04-21,19,35.0,31.11,1753,a,21,4,2022,1,1,1
2022-04-21,20,26.95,30.0,1754,a,21,4,2022,1,1,1
