id,new_date,hour,load_kW,demand_kWh,supply_kWh,net_kWh
53518,2022-10-18,22,8.1,8.76,0,-8.76
53525,2022-10-18,23,8.18,8.28,0,-8.28
53534,2022-10-19,1,7.57,7.83,0,-7.83
53545,2022-10-19,2,7.66,7.36,0,-7.36
53557,2022-10-19,3,7.06,7.04,0,-7.04
53562,2022-10-19,4,7.01,6.85,0,-6.85
53574,2022-10-19,5,7.24,6.87,0,-6.87
53585,2022-10-19,8,15.37,0.84,1.1,0.26
53594,2022-10-19,9,38.3,11.83,0.98,-10.85
53601,2022-10-19,10,45.18,23.45,0,-23.45
53610,2022-10-19,11,37.56,18.11,0,-18.11
53620,2022-10-19,12,38.57,12.41,0,-12.41
53629,2022-10-19,13,33.52,13.25,0,-13.25
53640,2022-10-19,14,33.05,15.28,0,-15.28
53650,2022-10-19,15,36.11,22.2,0,-22.2
53654,2022-10-19,16,41.96,26.74,0,-26.74
53666,2022-10-19,17,27.21,31.51,0,-31.51
53673,2022-10-19,18,11.83,18.74,0,-18.74
53686,2022-10-19,20,7.03,7.24,0,-7.24
53691,2022-10-19,21,7.05,7.25,0,-7.25
53703,2022-10-19,22,7.93,7.14,0,-7.14
53709,2022-10-19,23,6.28,6.61,0,-6.61
53722,2022-10-20,1,6.34,6.58,0,-6.58
53726,2022-10-20,2,4.67,6.5,0,-6.5
53740,2022-10-20,3,6.82,6.14,0,-6.14
53746,2022-10-20,4,6.65,6.04,0,-6.04
53756,2022-10-20,5,6.02,6.03,0,-6.03
53767,2022-10-20,6,3.64,5.66,0,-5.66
53776,2022-10-20,7,4.82,4.23,0,-4.23
53783,2022-10-20,8,11.52,1.04,1.07,0.03
53792,2022-10-20,9,32.96,4.98,0.82,-4.16
53795,2022-10-20,10,21.9,9.72,0,-9.72
53806,2022-10-20,11,30.26,7.37,0.01,-7.36
53813,2022-10-20,12,27.79,8.35,0,-8.35
53822,2022-10-20,13,41.33,16.51,0,-16.51
53834,2022-10-20,14,28.96,15.74,0,-15.74
53845,2022-10-20,15,33.77,17.36,0,-17.36
53850,2022-10-20,16,36.43,27.47,0,-27.47
53858,2022-10-20,17,37.18,29.31,0,-29.31
53867,2022-10-20,18,12.78,18.37,0,-18.37
53877,2022-10-20,19,11.18,12.11,0,-12.11
53885,2022-10-20,20,8.87,11.52,0,-11.52
53899,2022-10-20,21,6.8,8.55,0,-8.55
53906,2022-10-20,23,6.76,6.98,0,-6.98
53915,2022-10-21,1,6.83,6.46,0,-6.46
53930,2022-10-21,3,6.45,6.31,0,-6.31
53944,2022-10-21,6,4.1,5,0,-5
53948,2022-10-21,7,6.23,4.5,0,-4.5
53962,2022-10-21,8,14.12,0.86,1.38,0.52
53970,2022-10-21,10,26.01,6.28,0,-6.28
53978,2022-10-21,11,23.93,12.36,0,-12.36
53991,2022-10-21,13,39.32,25.11,0,-25.11
54001,2022-10-21,15,32.99,20.04,0,-20.04
54011,2022-10-21,17,21.84,20.81,0,-20.81
54025,2022-10-21,18,11.39,17.16,0,-17.16
54035,2022-10-21,20,9.06,8.56,0,-8.56
54043,2022-10-21,21,9.04,8.37,0,-8.37
54051,2022-10-21,22,7.59,7.99,0,-7.99
54062,2022-10-21,23,7.9,7.72,0,-7.72
54070,2022-10-22,1,7.06,7.34,0,-7.34
54082,2022-10-22,3,7.15,6.75,0,-6.75
54101,2022-10-22,7,5.21,4.27,0,-4.27
54107,2022-10-22,8,5.12,0.2,2.3,2.1
54120,2022-10-22,9,27.17,0.02,7.43,7.41
54130,2022-10-22,11,13.29,0.22,9.32,9.1
54143,2022-10-22,15,12.02,4.69,0.87,-3.82
54153,2022-10-22,17,10.49,7.36,0,-7.36
54163,2022-10-22,18,7.08,10.04,0,-10.04
54171,2022-10-22,19,4.82,7.36,0,-7.36
54177,2022-10-22,20,6.66,6.89,0,-6.89
54189,2022-10-22,21,6.77,7.13,0,-7.13
54199,2022-10-22,22,6.45,6.79,0,-6.79
54206,2022-10-22,23,6.42,6.74,0,-6.74
54214,2022-10-23,1,6.94,6.68,0,-6.68
54234,2022-10-23,7,4.74,4.16,0.01,-4.15
54246,2022-10-23,8,15.68,0.69,0.94,0.25
54257,2022-10-23,9,38.46,0.03,4.55,4.52
54269,2022-10-23,12,29.32,0,13.2,13.2
54278,2022-10-23,14,31.31,0,10.6,10.6
54288,2022-10-23,15,20.16,0.01,9.4,9.39
54296,2022-10-23,16,9.85,1.39,1.84,0.45
54302,2022-10-23,17,9.56,6.97,0,-6.97
54316,2022-10-23,20,7.21,7.71,0,-7.71
54325,2022-10-23,21,6.87,7.59,0,-7.59
54343,2022-10-24,1,6.37,6.73,0,-6.73
54359,2022-10-24,6,5.48,5.73,0,-5.73
54374,2022-10-24,9,27.78,0,8.36,8.36
54397,2022-10-24,13,28.46,0,10.92,10.92
54406,2022-10-24,15,17.33,0.49,3.68,3.19
54416,2022-10-24,16,8.56,0.84,1.31,0.47
54422,2022-10-24,17,12.46,6.8,0,-6.8
54432,2022-10-24,19,8.5,9.23,0,-9.23
54451,2022-10-24,23,7.85,7.6,0,-7.6
54459,2022-10-25,1,7.42,8.11,0,-8.11
54479,2022-10-25,4,6.72,6.51,0,-6.51
54486,2022-10-25,5,6.79,6.52,0,-6.52
54499,2022-10-25,7,4.73,5.3,0,-5.3
54504,2022-10-25,8,13.94,2.88,0.12,-2.76
54517,2022-10-25,9,41.9,11.64,0,-11.64
54534,2022-10-25,13,49.18,35.19,0,-35.19
54545,2022-10-25,15,45.57,25.89,0,-25.89
54556,2022-10-25,17,23.51,27.03,0,-27.03
54569,2022-10-25,19,8.51,10.66,0,-10.66
54576,2022-10-25,20,8.68,8.48,0,-8.48
54586,2022-10-25,21,9.81,8.16,0,-8.16
54600,2022-10-25,23,6.7,6.66,0,-6.66
54610,2022-10-26,1,6.23,6.67,0,-6.67
54625,2022-10-26,5,6.72,6.56,0,-6.56
54634,2022-10-26,6,4.11,5.86,0,-5.86
54645,2022-10-26,7,7.21,5.3,0,-5.3
54651,2022-10-26,8,10.04,3.97,0.04,-3.93
54678,2022-10-26,16,40.88,30.96,0,-30.96
54686,2022-10-26,19,12.33,11.1,0,-11.1
54709,2022-10-27,1,7.56,7.47,0,-7.47
54724,2022-10-27,5,6.63,6.88,0,-6.88
54736,2022-10-27,6,4.55,6.34,0,-6.34
54743,2022-10-27,8,6.86,5.85,0,-5.85
54769,2022-10-27,19,9.03,16.55,0,-16.55
54775,2022-10-27,20,10.12,10.64,0,-10.64
54819,2022-10-28,7,4.81,5.61,0,-5.61
54827,2022-10-28,8,8.8,3.67,0.29,-3.38
54873,2022-10-29,9,17.96,0,3.77,3.77
54892,2022-10-29,16,10.94,2.38,0.28,-2.1
54945,2022-10-30,7,4.26,4.67,0,-4.67
54957,2022-10-30,11,37.2,0,15.84,15.84
54996,2022-10-31,1,6.74,6.91,0,-6.91
55008,2022-10-31,5,6.4,6.21,0,-6.21
55138,2022-10-31,18,23.42,26.89,0,-26.89
55494,2022-11-01,18,25.19,24.08,0,-24.08
55502,2022-11-01,19,8.8,9.47,0,-9.47
55511,2022-11-01,20,8.59,8.18,0,-8.18
55523,2022-11-01,9,21.45,9.5,0.03,-9.47
55532,2022-11-01,8,9.27,4.04,0,-4.04
55541,2022-11-01,6,5.74,5.03,0,-5.03
55550,2022-11-01,7,7.19,4.92,0,-4.92
55559,2022-11-01,10,34.97,12.64,0.01,-12.63
55577,2022-11-01,21,7.86,8.53,0,-8.53
55586,2022-11-01,12,40.59,16.03,0,-16.03
55595,2022-11-01,13,34.83,23.83,0,-23.83
55604,2022-11-01,11,27.21,15.17,0.06,-15.11
55614,2022-11-01,14,55.33,23.25,0,-23.25
55622,2022-11-01,15,41.89,38.08,0,-38.08
55632,2022-11-01,16,47.31,36.21,0,-36.21
55640,2022-11-01,17,29.11,33.85,0,-33.85
55649,2022-11-01,5,5.64,6.36,0,-6.36
55658,2022-11-01,4,6.13,6.15,0,-6.15
55667,2022-11-01,3,5.98,6.57,0,-6.57
55676,2022-11-01,2,7.3,6.92,0,-6.92
55687,2022-11-01,1,6.72,6.76,0,-6.76
55694,2022-11-01,22,6.92,7.58,0,-7.58
55703,2022-11-01,23,7.09,7.24,0,-7.24
55712,2022-11-02,1,7.23,6.94,0,-6.94
55721,2022-11-02,2,5.53,7.03,0,-7.03
55730,2022-11-02,3,4.95,6.55,0,-6.55
55739,2022-11-02,4,6.68,6.42,0,-6.42
55748,2022-11-02,5,4.48,6.36,0,-6.36
55757,2022-11-02,6,6.39,5.97,0,-5.97
55766,2022-11-02,7,6.7,4.89,0,-4.89
55776,2022-11-02,8,14.54,0.75,1.48,0.73
55784,2022-11-02,9,16.85,0.09,2.28,2.19
55793,2022-11-02,10,32.68,11.05,0,-11.05
55802,2022-11-02,11,38.76,9.94,0,-9.94
55811,2022-11-02,12,34.73,16.01,0,-16.01
55820,2022-11-02,13,40.12,23.59,0,-23.59
55829,2022-11-02,14,40.91,21.05,0,-21.05
55838,2022-11-02,15,35.41,25.69,0,-25.69
55847,2022-11-02,16,37.11,27.19,0,-27.19
55856,2022-11-02,17,28.79,32.23,0,-32.23
55865,2022-11-02,18,10.6,16.75,0,-16.75
55874,2022-11-02,19,8.47,11.2,0,-11.2
55883,2022-11-02,20,6.9,7.49,0,-7.49
55892,2022-11-02,21,6.38,10.19,0,-10.19
55901,2022-11-02,22,6.72,6.46,0,-6.46
55910,2022-11-02,23,6.41,6.5,0,-6.5
55919,2022-11-03,1,6.13,6.35,0,-6.35
55928,2022-11-03,2,5.99,6.19,0,-6.19
55937,2022-11-03,3,6.72,6.03,0,-6.03
55946,2022-11-03,4,6.28,5.98,0,-5.98
55955,2022-11-03,5,6.06,5.81,0,-5.81
55964,2022-11-03,6,4.26,5.78,0,-5.78
55973,2022-11-03,7,4.86,4.61,0,-4.61
55982,2022-11-03,8,13.58,1.02,0.99,-0.03
55991,2022-11-03,9,15.76,5.97,0.64,-5.33
56000,2022-11-03,10,22.07,5.42,0.13,-5.29
56010,2022-11-03,11,22.02,7.73,0.06,-7.67
56018,2022-11-03,12,33.19,6.58,0.3,-6.28
56027,2022-11-03,13,33.56,9.92,0,-9.92
56036,2022-11-03,14,25.32,12.99,0,-12.99
56045,2022-11-03,15,30.95,18.59,0,-18.59
56054,2022-11-03,17,25.56,27.03,0,-27.03
56065,2022-11-03,18,10.84,15.95,0,-15.95
56073,2022-11-03,19,7.6,9.86,0,-9.86
56081,2022-11-03,20,8.9,7.96,0,-7.96
56090,2022-11-03,21,8.73,8.03,0,-8.03
56099,2022-11-03,22,6.33,8,0,-8
56108,2022-11-03,23,6.48,8,0,-8
56117,2022-11-04,1,8.14,7.55,0,-7.55
56126,2022-11-04,2,6.53,7.03,0,-7.03
56135,2022-11-04,3,6.21,6.21,0,-6.21
56144,2022-11-04,4,6.04,6.07,0,-6.07
56153,2022-11-04,5,6.06,6.13,0,-6.13
56164,2022-11-04,6,4.72,5.81,0,-5.81
56171,2022-11-04,7,5.28,4.56,0,-4.56
56180,2022-11-04,8,12.35,0.75,1.35,0.6
56189,2022-11-04,9,20.06,0.11,3.33,3.22
56198,2022-11-04,10,21.48,0.74,2.13,1.39
56208,2022-11-04,11,20.55,1.51,1.59,0.08
56216,2022-11-04,12,28.28,1.83,1.45,-0.38
56225,2022-11-04,14,29.21,7.05,0.05,-7
56234,2022-11-04,15,32.66,14.19,0,-14.19
56243,2022-11-04,16,19.9,16.17,0,-16.17
56252,2022-11-04,17,16.01,16.16,0,-16.16
56261,2022-11-04,18,8.25,11.31,0,-11.31
56270,2022-11-04,19,6.5,8.23,0,-8.23
56279,2022-11-04,20,7.94,7.85,0,-7.85
56288,2022-11-04,21,7.72,8,0,-8
56297,2022-11-04,22,7.68,7.54,0,-7.54
56306,2022-11-04,23,7.48,7.69,0,-7.69
56315,2022-11-05,1,6.94,6.8,0,-6.8
56325,2022-11-05,2,6.05,6.15,0,-6.15
56333,2022-11-05,3,6.6,6.16,0,-6.16
56343,2022-11-05,4,6.96,6.06,0,-6.06
56351,2022-11-05,5,6.2,6.16,0,-6.16
56360,2022-11-05,6,3.87,5.42,0,-5.42
56369,2022-11-05,7,3.12,4.06,0,-4.06
56378,2022-11-05,8,14.97,0.33,1.9,1.57
56387,2022-11-05,9,27.62,0,8.9,8.9
56396,2022-11-05,10,33.06,0,13.55,13.55
56405,2022-11-05,11,36.18,0,15.47,15.47
56414,2022-11-05,12,33.79,0,15.54,15.54
56423,2022-11-05,13,32.09,0,13.05,13.05
56432,2022-11-05,14,30.53,0,12.37,12.37
56441,2022-11-05,15,18.68,0,8.61,8.61
56450,2022-11-05,16,8.79,0.19,2.71,2.52
56459,2022-11-05,17,6.8,4.51,0,-4.51
56468,2022-11-05,18,6.05,7.61,0,-7.61
56477,2022-11-05,19,6.35,7.88,0,-7.88
56486,2022-11-05,20,8.25,7.69,0,-7.69
56495,2022-11-05,21,7.07,7.45,0,-7.45
56504,2022-11-05,22,6.99,7.02,0,-7.02
56513,2022-11-05,23,7.44,7.2,0,-7.2
56522,2022-11-06,1,7.53,7.25,0,-7.25
56531,2022-11-06,2,7.53,6.93,0,-6.93
56541,2022-11-06,3,6.36,6.59,0,-6.59
56551,2022-11-06,4,6.41,6.33,0,-6.33
56558,2022-11-06,5,5.36,6.2,0,-6.2
56567,2022-11-06,6,6.36,6.02,0,-6.02
56576,2022-11-06,7,3.67,4.18,0,-4.18
56585,2022-11-06,8,14.59,0.52,1.46,0.94
56594,2022-11-06,9,25.29,0,7.35,7.35
56603,2022-11-06,10,34.4,0,12.45,12.45
56612,2022-11-06,11,33.16,0,13.88,13.88
56621,2022-11-06,12,35.58,0,13.65,13.65
56630,2022-11-06,13,32.04,0,13.84,13.84
56639,2022-11-06,14,28.02,0,11.76,11.76
56648,2022-11-06,15,17.82,0,8.35,8.35
56658,2022-11-06,16,8.82,0.34,2.15,1.81
56666,2022-11-06,17,9.82,4.78,0,-4.78
56675,2022-11-06,18,7.21,7.5,0,-7.5
56684,2022-11-06,19,7.76,8.1,0,-8.1
56693,2022-11-06,20,6.16,7.06,0,-7.06
56702,2022-11-06,21,6.26,6.53,0,-6.53
56711,2022-11-06,22,6.76,6.44,0,-6.44
56720,2022-11-06,23,7.06,6.47,0,-6.47
56729,2022-11-07,1,6.78,6.69,0,-6.69
56738,2022-11-07,2,6.37,6.31,0,-6.31
56747,2022-11-07,3,6.65,6.19,0,-6.19
56756,2022-11-07,4,6.2,6.06,0,-6.06
56765,2022-11-07,5,6.1,6.03,0,-6.03
56774,2022-11-07,6,4.02,5.58,0,-5.58
56783,2022-11-07,7,5.34,4.95,0,-4.95
56792,2022-11-07,8,10.55,1.78,0.26,-1.52
56801,2022-11-07,9,29.06,9.8,0,-9.8
56810,2022-11-07,10,32.66,13.19,0,-13.19
56819,2022-11-07,11,36.38,13.17,0,-13.17
56828,2022-11-07,12,43.41,19.22,0,-19.22
56837,2022-11-07,13,50.76,26.39,0,-26.39
56846,2022-11-07,14,39.62,28.01,0,-28.01
56855,2022-11-07,15,43.42,21.83,0,-21.83
56873,2022-10-04,15,43,25.31,0,-25.31
56882,2022-11-07,16,40.01,27.58,0,-27.58
56891,2022-10-03,3,6.77,7.2,0,-7.2
56900,2022-10-03,10,26.44,21.56,0,-21.56
56909,2022-10-03,12,24.58,16.18,0,-16.18
56918,2022-10-03,13,42.39,16.33,0.02,-16.31
56927,2022-10-03,16,32.37,22.64,0,-22.64
56936,2022-10-03,17,42.22,33.97,0,-33.97
56954,2022-10-03,18,27.49,28.71,0,-28.71
56963,2022-10-04,4,6.82,7.04,0,-7.04
56972,2022-10-04,8,7.81,5.6,0,-5.6
56981,2022-10-04,11,39.44,21.1,0,-21.1
56990,2022-10-04,12,39.91,17.34,0,-17.34
56999,2022-11-07,17,25.06,28.83,0,-28.83
57008,2022-10-04,13,41.06,18.53,0,-18.53
57017,2022-10-04,17,37.79,34.25,0,-34.25
57026,2022-11-07,18,8.45,17.34,0,-17.34
57035,2022-11-07,19,7.01,8.03,0,-8.03
57044,2022-11-07,20,6.9,7.04,0,-7.04
57054,2022-11-07,21,6.79,7.03,0,-7.03
57062,2022-11-07,22,7.28,7.04,0,-7.04
57071,2022-11-07,23,6.67,6.83,0,-6.83
57080,2022-11-08,1,6.36,6.3,0,-6.3
57089,2022-11-08,2,6.38,6.28,0,-6.28
57098,2022-11-08,3,6.42,6.17,0,-6.17
57107,2022-11-08,4,6.69,6.11,0,-6.11
57125,2022-10-04,2,6.86,7.24,0,-7.24
57134,2022-10-04,18,5.65,27.68,0,-27.68
57143,2022-10-04,1,6.77,8.2,0,-8.2
57152,2022-10-04,21,9.63,8.73,0,-8.73
57161,2022-10-04,22,9.79,8.69,0,-8.69
57170,2022-10-04,23,8.61,8.67,0,-8.67
57179,2022-10-04,14,42.65,19.64,0,-19.64
57188,2022-10-04,9,33.97,10.12,0,-10.12
57197,2022-10-04,10,45.61,16.61,0,-16.61
57206,2022-10-05,9,26.11,13.23,0.15,-13.08
57215,2022-10-05,10,31.93,17.83,0.04,-17.79
57224,2022-10-05,12,35.45,9.68,0.13,-9.55
57233,2022-10-05,13,37.39,15.23,0,-15.23
57242,2022-11-08,5,6.74,6.02,0,-6.02
57261,2022-10-05,14,38.73,18.61,0,-18.61
57269,2022-10-05,15,30.66,35.08,0,-35.08
57278,2022-10-05,17,20.67,27.37,0,-27.37
57287,2022-10-05,19,10.84,10.02,0,-10.02
57296,2022-10-05,22,7.91,7.9,0,-7.9
57305,2022-10-05,23,6.75,7.21,0,-7.21
57314,2022-10-06,2,6.79,6.61,0,-6.61
57323,2022-10-06,3,6.82,6.59,0,-6.59
57332,2022-10-06,9,34.58,9.76,0.76,-9
57341,2022-10-06,10,33.91,20.88,0,-20.88
57350,2022-10-06,11,56.03,20.72,0,-20.72
57359,2022-10-06,12,45.61,24.57,0,-24.57
57368,2022-10-06,13,40.29,36.22,0,-36.22
57377,2022-10-06,14,35.65,32.55,0,-32.55
57386,2022-10-06,15,40.53,33.36,0,-33.36
57395,2022-10-06,16,42.33,33.73,0,-33.73
57404,2022-10-06,17,33.04,35.63,0,-35.63
57413,2022-10-06,18,0.83,17.06,0,-17.06
57422,2022-10-06,19,10,8.89,0,-8.89
57431,2022-10-06,23,6.96,7.21,0,-7.21
57440,2022-11-08,6,4.23,5.76,0,-5.76
57449,2022-10-07,9,36.52,15.46,0,-15.46
57459,2022-10-07,10,51.57,16.72,0,-16.72
57467,2022-10-07,13,57.94,38.27,0,-38.27
57476,2022-10-07,14,51.35,39.42,0,-39.42
57485,2022-10-07,15,39.29,32.89,0,-32.89
57494,2022-10-07,16,43.32,28.58,0,-28.58
57503,2022-10-07,17,20.44,34.67,0,-34.67
57513,2022-10-07,18,12.48,13.69,0,-13.69
57521,2022-10-07,21,7.55,7.56,0,-7.56
57530,2022-10-07,22,7.72,7.97,0,-7.97
57541,2022-10-07,23,6.82,7.35,0,-7.35
57548,2022-10-08,1,6.48,6.59,0,-6.59
57557,2022-10-08,7,5.08,3.75,0,-3.75
57566,2022-10-08,8,7.42,1.25,0.55,-0.7
57575,2022-10-08,9,21.07,0.01,7.76,7.75
57584,2022-10-08,10,43.8,1.27,8.33,7.06
57593,2022-10-08,11,30.62,1.76,6.1,4.34
57602,2022-10-08,12,35,0.52,10.43,9.91
57611,2022-10-08,13,33.63,0.06,11.9,11.84
57620,2022-10-08,14,6.28,0.38,11.52,11.14
57629,2022-10-08,15,20.38,0.25,4.56,4.31
57638,2022-10-08,17,5.77,6.16,0.3,-5.86
57647,2022-10-08,18,0.48,7.44,0,-7.44
57656,2022-10-08,19,9.09,7.75,0,-7.75
57665,2022-10-08,20,7.06,7.5,0,-7.5
57674,2022-10-08,22,6.62,6.76,0,-6.76
57683,2022-10-08,23,6.41,6.74,0,-6.74
57692,2022-10-09,6,5.27,5.76,0,-5.76
57701,2022-10-09,8,6.17,1.41,0.22,-1.19
57710,2022-10-09,9,25.11,0.01,5.66,5.65
57719,2022-10-09,10,25.39,0,12.23,12.23
57728,2022-10-09,11,28.66,0,11.19,11.19
57737,2022-10-09,13,22.28,0.03,9.37,9.34
57746,2022-10-09,14,9.77,0.1,6.49,6.39
57755,2022-10-09,16,10.13,1.75,0.3,-1.45
57764,2022-10-09,17,7.42,5.09,0,-5.09
57773,2022-10-09,18,10.41,9.3,0,-9.3
57782,2022-10-09,19,8.51,8.98,0,-8.98
57791,2022-10-09,21,6.99,6.54,0,-6.54
57800,2022-10-09,22,6.9,6.46,0,-6.46
57809,2022-10-09,23,6.72,6.72,0,-6.72
57818,2022-11-08,7,6.32,4.83,0,-4.83
57827,2022-10-10,1,8.28,6.97,0,-6.97
57837,2022-10-10,2,6.86,7.53,0,-7.53
57845,2022-10-10,3,6.87,6.77,0,-6.77
57854,2022-10-10,4,6.77,6.39,0,-6.39
57863,2022-10-10,5,6.53,6.4,0,-6.4
57872,2022-10-10,6,7.46,5.75,0,-5.75
57881,2022-10-10,7,8.15,5.22,0,-5.22
57890,2022-10-10,8,6.59,4.22,0,-4.22
57899,2022-10-10,9,35.72,10.74,0.03,-10.71
57908,2022-10-10,10,38.49,22.2,0,-22.2
57917,2022-10-10,11,58.18,31.06,0,-31.06
57926,2022-10-10,12,59.05,34.75,0,-34.75
57936,2022-10-10,13,58.67,34.92,0,-34.92
57944,2022-10-10,14,30.16,33.14,0,-33.14
57953,2022-10-10,15,44.47,33.66,0,-33.66
57962,2022-10-10,16,50.42,38.59,0,-38.59
57971,2022-10-10,17,25.22,42.16,0,-42.16
57980,2022-10-10,18,12.13,21.3,0,-21.3
57989,2022-10-10,19,7.83,13.54,0,-13.54
57998,2022-10-10,20,7.11,8.6,0,-8.6
58008,2022-10-10,21,6.71,6.67,0,-6.67
58016,2022-10-10,22,7.53,7.06,0,-7.06
58025,2022-10-10,23,7.3,7.25,0,-7.25
58034,2022-11-08,8,13.66,0.85,1.11,0.26
58043,2022-11-08,9,30.08,3.45,1.05,-2.4
58052,2022-11-08,10,19.11,9.01,0.03,-8.98
58062,2022-10-11,1,5.97,6.28,0,-6.28
58070,2022-10-11,2,7.49,6.39,0,-6.39
58079,2022-10-11,3,6.95,6.95,0,-6.95
58088,2022-10-11,4,6.45,6.59,0,-6.59
58097,2022-10-11,5,6.02,6.57,0,-6.57
58106,2022-10-11,6,5.77,5.51,0,-5.51
58115,2022-10-11,7,5.59,4.8,0,-4.8
58124,2022-10-11,8,11.3,1.41,0.4,-1.01
58133,2022-10-11,9,38.08,11.06,0.24,-10.82
58142,2022-11-08,11,36.22,5.35,0,-5.35
58151,2022-10-11,10,33.95,22.06,0,-22.06
58160,2022-10-11,11,37.16,19.3,0,-19.3
58169,2022-10-11,12,37.33,17.48,0.03,-17.45
58178,2022-10-11,13,51.61,27.08,0,-27.08
58187,2022-10-11,14,32.34,22.55,0,-22.55
58196,2022-10-11,15,36.81,24.56,0,-24.56
58214,2022-10-11,16,36.18,26.36,0,-26.36
58223,2022-10-11,17,36.62,30.28,0,-30.28
58232,2022-10-11,18,2.42,22.3,0,-22.3
58241,2022-10-11,19,5.8,9.11,0,-9.11
58250,2022-10-11,20,7.36,7.86,0,-7.86
58259,2022-10-11,21,7.35,7.43,0,-7.43
58268,2022-10-11,22,7.56,7.39,0,-7.39
58277,2022-10-11,23,7.39,7.22,0,-7.22
58286,2022-11-08,12,32.55,11.34,0,-11.34
58296,2022-11-08,13,42.78,20.1,0,-20.1
58304,2022-11-08,14,37.37,25.28,0,-25.28
58313,2022-10-12,1,7.63,7.3,0,-7.3
58322,2022-10-12,2,6.43,7.23,0,-7.23
58331,2022-10-12,3,6.9,6.82,0,-6.82
58340,2022-10-12,4,7.09,6.7,0,-6.7
58349,2022-10-12,5,6.97,6.64,0,-6.64
58358,2022-10-12,6,6.54,5.92,0,-5.92
58367,2022-10-12,7,7.77,4.61,0,-4.61
58376,2022-10-12,8,14.36,1.1,0.59,-0.51
58385,2022-10-12,9,22.87,3.51,1.12,-2.39
58394,2022-10-12,10,35.21,19.28,0,-19.28
58403,2022-10-12,11,29.1,21.91,0.07,-21.84
58412,2022-10-12,12,48.44,32.72,0.11,-32.61
58421,2022-10-12,13,39.63,20.33,0,-20.33
58430,2022-10-12,14,36.31,21.23,0,-21.23
58439,2022-10-13,1,10.62,11.08,0,-11.08
58448,2022-10-13,2,11.02,10.84,0,-10.84
58457,2022-10-13,3,10.16,10.58,0,-10.58
58475,2022-10-13,4,9.77,10.2,0,-10.2
58484,2022-10-13,5,9.89,10.1,0,-10.1
58493,2022-10-13,18,9.13,10.75,0,-10.75
58502,2022-11-08,15,40.91,26.97,0,-26.97
58511,2022-10-13,11,19.82,16.8,0.01,-16.79
58520,2022-10-13,12,20.99,3.67,1.68,-1.99
58529,2022-10-13,16,18.64,15.35,0,-15.35
58538,2022-10-13,17,14.74,14.99,0,-14.99
58547,2022-10-14,12,32.22,0.02,12.12,12.1
58553,2022-10-14,16,8.66,0.64,3.45,2.81
58559,2022-10-14,17,9.77,3.14,0.13,-3.01
58568,2022-10-14,18,6.84,6.19,0,-6.19
58577,2022-10-14,8,10.56,2.92,0.23,-2.69
58586,2022-10-14,3,7.11,7.22,0,-7.22
58595,2022-10-14,6,4.28,6.06,0,-6.06
58604,2022-10-15,2,6.96,6.75,0,-6.75
58613,2022-10-16,3,4.86,6.08,0,-6.08
58622,2022-10-17,7,4.58,4.49,0,-4.49
58628,2022-10-17,17,37,30.31,0,-30.31
58634,2022-10-18,9,28.63,5.16,1.51,-3.65
58643,2022-10-18,12,49.6,27.24,0,-27.24
58652,2022-10-21,12,33.2,11.94,0,-11.94
58661,2022-10-21,9,21.78,4.79,1.5,-3.29
58670,2022-10-21,2,6.3,6.47,0,-6.47
58679,2022-10-21,4,6.51,6.12,0,-6.12
58688,2022-10-21,14,41.63,25.33,0,-25.33
58697,2022-10-21,16,32.73,22.49,0,-22.49
58706,2022-11-08,16,44.03,27.84,0,-27.84
58715,2022-10-21,19,7.46,10.22,0,-10.22
58724,2022-10-22,2,6.82,6.74,0,-6.74
58733,2022-10-22,4,6.85,6.8,0,-6.8
58742,2022-10-22,5,6.41,6.64,0,-6.64
58751,2022-10-22,6,4.86,6.43,0,-6.43
58760,2022-10-22,10,29.07,0,11.61,11.61
58769,2022-10-22,12,6.53,1.57,0.24,-1.33
58778,2022-10-22,13,14.1,3.47,2.91,-0.56
58787,2022-10-22,14,12.72,3.88,0.87,-3.01
58796,2022-10-22,16,11.87,4,0.71,-3.29
58805,2022-10-23,2,6.34,6.61,0,-6.61
58814,2022-10-23,3,6.58,6.78,0,-6.78
58823,2022-10-23,4,5.81,6.4,0,-6.4
58832,2022-10-23,5,5.89,6.22,0,-6.22
58841,2022-10-23,6,5.52,5.67,0,-5.67
58850,2022-10-23,10,13.22,0,9.08,9.08
58859,2022-10-23,11,16.15,0.03,2.52,2.49
58868,2022-10-23,13,34.14,0.05,13.5,13.45
58877,2022-10-23,18,9.16,10.3,0,-10.3
58886,2022-10-24,2,6.35,6.56,0,-6.56
58895,2022-10-24,3,6.13,6.44,0,-6.44
58904,2022-10-24,4,5.91,6.19,0,-6.19
58913,2022-10-24,5,7.17,6.22,0,-6.22
58922,2022-11-08,17,27.4,34.78,0,-34.78
58931,2022-10-24,7,3.08,4.39,0,-4.39
58940,2022-10-24,8,15.11,0.45,1.78,1.33
58949,2022-10-24,10,32.5,0,13.17,13.17
58958,2022-10-24,12,30.18,0,13.57,13.57
58967,2022-10-24,14,23.57,0,8,8
58976,2022-10-24,18,8.09,9.28,0,-9.28
58985,2022-10-24,20,7.84,8.32,0,-8.32
58994,2022-10-25,2,7.39,7.11,0,-7.11
59003,2022-10-25,3,6.83,6.71,0,-6.71
59012,2022-10-25,6,4.79,6.15,0,-6.15
59021,2022-10-25,10,53.12,28.84,0,-28.84
59030,2022-10-25,11,52.15,33.08,0,-33.08
59039,2022-10-25,12,57.95,29.73,0,-29.73
59048,2022-10-25,14,52.13,32.81,0,-32.81
59058,2022-10-25,16,34.78,28.94,0,-28.94
59066,2022-10-25,18,14.74,17.19,0,-17.19
59075,2022-10-25,22,6.71,7.4,0,-7.4
59084,2022-10-26,2,6.32,6.55,0,-6.55
59093,2022-10-26,3,6.5,6.72,0,-6.72
59102,2022-10-26,4,6.68,6.54,0,-6.54
59111,2022-10-26,9,32.46,12.37,0.07,-12.3
59120,2022-11-08,18,8.4,19.39,0,-19.39
59129,2022-11-08,19,8.51,7.47,0,-7.47
59138,2022-11-08,20,7.11,6.67,0,-6.67
59147,2022-11-08,21,8.07,7.92,0,-7.92
59156,2022-11-08,22,7.07,7.25,0,-7.25
59165,2022-11-08,23,4.71,6.55,0,-6.55
59174,2022-11-09,1,4.94,6.24,0,-6.24
59183,2022-11-09,2,5.2,6.37,0,-6.37
59192,2022-11-09,3,6.08,6.13,0,-6.13
59201,2022-11-09,4,4.59,6.14,0,-6.14
59210,2022-11-09,5,6.18,5.76,0,-5.76
59219,2022-11-09,6,6.26,5.56,0,-5.56
59228,2022-11-09,7,5.19,4.83,0,-4.83
59237,2022-10-26,10,40.36,26.61,0,-26.61
59246,2022-10-26,11,37.3,23,0,-23
59255,2022-10-26,12,51,17.02,0,-17.02
59264,2022-10-26,13,48.89,32.91,0,-32.91
59273,2022-10-26,14,42.38,30,0,-30
59282,2022-10-26,15,36.24,26.21,0,-26.21
59291,2022-10-26,17,38.08,30.84,0,-30.84
59300,2022-10-26,18,13.14,19.06,0,-19.06
59309,2022-10-26,20,8.5,9.75,0,-9.75
59318,2022-10-26,21,11.43,9.58,0,-9.58
59327,2022-10-26,22,8.25,9.36,0,-9.36
59336,2022-10-26,23,7.18,8.09,0,-8.09
59345,2022-10-27,2,7.68,7.3,0,-7.3
59354,2022-10-27,3,7.23,7.32,0,-7.32
59364,2022-10-27,4,6.57,6.75,0,-6.75
59372,2022-10-27,9,41.46,14.08,0.05,-14.03
59381,2022-10-27,11,47.68,23.5,0,-23.5
59390,2022-10-27,15,41.65,36.8,0,-36.8
59399,2022-10-27,17,21.58,23.45,0,-23.45
59408,2022-10-27,18,20.17,23.12,0,-23.12
59417,2022-10-27,21,11.6,11.64,0,-11.64
59426,2022-10-27,22,8.94,10.52,0,-10.52
59435,2022-11-09,8,12.77,0.94,0.87,-0.07
59444,2022-10-27,23,10.65,9.87,0,-9.87
59453,2022-10-28,1,10.42,10.28,0,-10.28
59462,2022-10-28,2,6.38,8.18,0,-8.18
59471,2022-10-28,3,6.64,6.67,0,-6.67
59480,2022-10-28,4,6.25,6.61,0,-6.61
59489,2022-10-28,5,6.53,6.51,0,-6.51
59498,2022-10-28,6,5.7,6.3,0,-6.3
59507,2022-10-28,9,20.4,6.52,1.06,-5.46
59516,2022-10-28,10,25.33,15.09,0,-15.09
59525,2022-10-28,11,30.59,14.41,0,-14.41
59534,2022-10-28,12,34.93,15.06,0,-15.06
59543,2022-10-28,13,45.36,17.56,0,-17.56
59552,2022-10-28,14,42.49,21.7,0,-21.7
59561,2022-10-28,15,44.56,38.69,0,-38.69
59570,2022-10-28,16,34.97,34.39,0,-34.39
59579,2022-10-28,17,30.94,28.42,0,-28.42
59588,2022-10-28,18,24.58,25.91,0,-25.91
59597,2022-10-28,19,10.87,17.16,0,-17.16
59606,2022-11-09,9,38.24,7.11,1.27,-5.84
59615,2022-10-28,20,15.63,13.01,0,-13.01
59624,2022-10-28,21,13.2,13.27,0,-13.27
59633,2022-10-28,22,12.89,12.25,0,-12.25
59642,2022-10-28,23,12.95,11.69,0,-11.69
59651,2022-11-09,10,37.4,21.72,0,-21.72
59660,2022-10-01,2,7.48,8.07,0,-8.07
59669,2022-10-01,3,7.7,7.92,0,-7.92
59678,2022-10-01,13,50.2,0.18,9.55,9.37
59684,2022-10-02,13,35.33,0.03,11.4,11.37
59690,2022-10-02,12,36.25,0.21,8.12,7.91
59699,2022-10-02,18,1.37,8.81,0,-8.81
59708,2022-10-02,19,10.23,9.47,0,-9.47
59717,2022-11-09,11,42.59,23.19,0,-23.19
59731,2022-11-09,12,53.4,38.06,0,-38.06
59744,2022-11-09,13,53.41,9.25,0,-9.25
59753,2022-10-29,1,6.67,6.84,0,-6.84
59762,2022-10-29,2,6.66,6.97,0,-6.97
59771,2022-10-29,3,6.88,6.97,0,-6.97
59780,2022-10-29,4,6.59,6.42,0,-6.42
59789,2022-10-29,5,5.16,6.17,0,-6.17
59798,2022-10-29,6,6.28,5.63,0,-5.63
59808,2022-10-29,7,4.88,4.42,0,-4.42
59816,2022-10-29,8,9.86,0.56,2.24,1.68
59834,2022-11-09,14,44.69,29.78,0,-29.78
59843,2022-10-29,10,23.62,0,8.45,8.45
59852,2022-10-29,11,42.9,0.03,9.78,9.75
59861,2022-10-29,12,32.78,0,12.81,12.81
59870,2022-10-29,13,36.05,0,13.03,13.03
59879,2022-10-29,14,23.51,0,10.61,10.61
59888,2022-10-29,15,15.51,0.47,4.05,3.58
59906,2022-10-29,17,11.19,7.48,0,-7.48
59915,2022-10-29,18,9.52,10.11,0,-10.11
59924,2022-10-29,19,7.24,9.34,0,-9.34
59933,2022-10-29,20,11.6,10.63,0,-10.63
59942,2022-10-29,21,9.51,10.56,0,-10.56
59951,2022-10-29,22,9.42,9.81,0,-9.81
59960,2022-10-29,23,9.5,9.5,0,-9.5
59969,2022-10-30,1,10.08,9.69,0,-9.69
59987,2022-11-09,15,32.64,26.31,0,-26.31
59996,2022-10-30,2,10.23,9.42,0,-9.42
60005,2022-10-30,3,6.67,7.69,0,-7.69
60014,2022-10-30,4,6.64,6.44,0,-6.44
60023,2022-10-30,5,6.21,6.23,0,-6.23
60033,2022-10-30,6,5.72,5.86,0,-5.86
60041,2022-10-30,8,14.93,0.66,1.59,0.93
60050,2022-10-30,9,27.64,0,8.23,8.23
60059,2022-10-30,10,32.68,0,13.3,13.3
60068,2022-10-30,12,35.8,0,15.54,15.54
60077,2022-10-30,13,33.41,0,13.89,13.89
60086,2022-10-30,14,27.16,0,11.89,11.89
60095,2022-10-30,15,17.15,0,7.8,7.8
60104,2022-10-30,16,8.33,0.29,1.54,1.25
60113,2022-10-30,17,7.37,4.41,0,-4.41
60122,2022-10-30,18,9.08,7.77,0,-7.77
60131,2022-10-30,19,5.21,7.96,0,-7.96
60140,2022-10-30,20,7.36,7.52,0,-7.52
60149,2022-10-30,21,6.98,7.69,0,-7.69
60158,2022-10-30,22,7.33,7.22,0,-7.22
60167,2022-10-30,23,7.67,7.42,0,-7.42
60176,2022-10-31,2,6.1,6.86,0,-6.86
60185,2022-10-31,3,6.86,6.37,0,-6.37
60194,2022-10-31,4,6.37,6.25,0,-6.25
60203,2022-10-31,6,4.94,5.73,0,-5.73
60212,2022-11-09,16,46.74,28.92,0,-28.92
60221,2022-10-31,7,6.42,4.63,0,-4.63
60230,2022-10-31,8,4.33,2.48,0.03,-2.45
60239,2022-10-31,9,17.65,1.34,0.54,-0.8
60248,2022-10-31,10,37.08,12.02,0.07,-11.95
60257,2022-10-31,11,36.59,17.28,0,-17.28
60266,2022-10-31,12,42.92,21.53,0,-21.53
60275,2022-10-31,13,52.84,28.89,0,-28.89
60284,2022-10-31,14,37.53,24.71,0,-24.71
60293,2022-10-31,15,50.5,25.01,0,-25.01
60302,2022-10-31,16,35.55,29.5,0,-29.5
60311,2022-10-31,17,34.31,30.39,0,-30.39
60320,2022-10-31,19,16.01,22.06,0,-22.06
60329,2022-10-31,20,6.71,8.79,0,-8.79
60339,2022-10-31,21,7.1,7.03,0,-7.03
60346,2022-10-31,22,6.69,7.01,0,-7.01
60354,2022-10-31,23,6.82,7.05,0,-7.05
60363,2022-11-09,17,27.68,31.64,0,-31.64
60372,2022-11-09,18,17.45,23.44,0,-23.44
60381,2022-11-09,19,9.08,13.49,0,-13.49
60390,2022-11-09,20,9.31,8.46,0,-8.46
60399,2022-11-09,21,7.74,7.91,0,-7.91
60408,2022-11-09,22,7.15,7.16,0,-7.16
60417,2022-11-09,23,6.75,6.75,0,-6.75
60426,2022-11-10,1,4.67,6.05,0,-6.05
60435,2022-11-10,2,6.69,6.17,0,-6.17
60446,2022-11-10,3,6.82,6.05,0,-6.05
60455,2022-11-10,4,6.6,6.06,0,-6.06
60462,2022-11-10,5,6.47,6.09,0,-6.09
60471,2022-11-10,6,4.72,5.6,0,-5.6
60480,2022-11-10,7,8.68,5.62,0,-5.62
60489,2022-11-10,8,9.46,2.33,0.43,-1.9
60499,2022-11-10,9,28.64,8.98,1.32,-7.66
60507,2022-11-10,10,27.03,11.41,0,-11.41
60516,2022-11-10,11,37.16,13.94,0,-13.94
60526,2022-11-10,12,36.81,16.23,0,-16.23
60537,2022-11-10,13,61.03,25.14,0,-25.14
60543,2022-11-10,14,42.65,22.27,0,-22.27
60552,2022-11-10,15,44.85,27.08,0,-27.08
60561,2022-11-10,16,40.27,31.64,0,-31.64
60570,2022-11-10,17,26.62,30.45,0,-30.45
60579,2022-11-10,18,13.89,21.45,0,-21.45
60588,2022-11-10,19,5.55,8.99,0,-8.99
60598,2022-11-10,20,10.44,10.45,0,-10.45
60606,2022-11-10,21,5.08,6.84,0,-6.84
60615,2022-11-10,22,6.16,5.9,0,-5.9
60624,2022-11-10,23,5.84,5.84,0,-5.84
60633,2022-11-11,1,5.68,5.86,0,-5.86
60642,2022-11-11,2,5.6,5.75,0,-5.75
60651,2022-11-11,3,5.93,5.67,0,-5.67
60660,2022-11-11,4,5.67,5.48,0,-5.48
60669,2022-11-11,5,5.59,5.49,0,-5.49
60678,2022-11-11,6,4.16,5.14,0,-5.14
60687,2022-11-11,7,6.5,4.42,0,-4.42
60696,2022-11-11,8,11.96,1.34,0.29,-1.05
60705,2022-11-11,9,32.24,6.41,1.47,-4.94
60714,2022-11-11,10,25.04,7.34,0.05,-7.29
60723,2022-09-20,13,58.14,24.77,0,-24.77
60732,2022-09-20,19,14.54,13.63,0,-13.63
60741,2022-09-07,15,36.5,25.64,0,-25.64
60750,2022-09-11,3,8.74,9.08,0,-9.08
60759,2022-09-11,13,14.2,1.45,4.83,3.38
60768,2022-09-11,19,7.28,7.9,0,-7.9
60777,2022-09-13,17,36.84,38.07,0,-38.07
60783,2022-09-14,16,44.47,27.21,0,-27.21
60789,2022-09-26,13,46.76,22.93,0,-22.93
60805,2022-11-11,11,31.12,10.74,0.03,-10.71
60814,2022-09-27,13,38.95,40.35,0,-40.35
60823,2022-09-28,13,34.89,18.89,0.02,-18.87
60833,2022-09-28,16,33.44,38.19,0,-38.19
60841,2022-09-29,13,42.94,27.2,0,-27.2
60850,2022-11-11,12,38.3,13.75,0,-13.75
60859,2022-11-11,13,42.19,20.44,0,-20.44
60868,2022-11-11,14,27.5,22.42,0,-22.42
60877,2022-11-11,15,40.52,22.53,0,-22.53
60886,2022-11-11,16,24.69,26.87,0,-26.87
60895,2022-11-11,17,21.17,28.77,0,-28.77
60904,2022-11-11,18,14.24,17.56,0,-17.56
60913,2022-11-11,19,9.71,10.14,0,-10.14
60922,2022-11-11,20,6.42,8.36,0,-8.36
60932,2022-11-11,21,6.33,6.6,0,-6.6
60941,2022-11-11,22,5.65,6.15,0,-6.15
60949,2022-11-11,23,5.92,6.1,0,-6.1
60958,2022-11-12,1,5.79,6,0,-6
60967,2022-11-12,2,5.85,5.84,0,-5.84
60976,2022-11-12,3,6.03,5.89,0,-5.89
60985,2022-11-12,4,5.7,5.75,0,-5.75
60994,2022-11-12,5,3.91,5.54,0,-5.54
61005,2022-11-12,6,5.07,5.25,0,-5.25
61012,2022-11-12,7,5.06,4.07,0,-4.07
61021,2022-11-12,8,12.22,0.5,1.48,0.98
61030,2022-11-12,9,25.72,0,7.17,7.17
61039,2022-11-12,10,35.6,0,12.22,12.22
61048,2022-11-12,11,36.6,0,13.94,13.94
61057,2022-11-12,12,34.5,0,14.03,14.03
61066,2022-11-12,13,31.84,0,13.2,13.2
61075,2022-11-12,14,26.71,0,11.29,11.29
61084,2022-11-12,15,18.66,0,7.31,7.31
61093,2022-11-12,16,7.99,0.33,1.97,1.64
61102,2022-11-12,17,7.84,3.83,0,-3.83
61111,2022-11-12,19,5.74,6.01,0,-6.01
61120,2022-11-12,20,5.6,5.63,0,-5.63
61129,2022-11-12,21,6.19,6.25,0,-6.25
61138,2022-11-12,22,5.82,6.09,0,-6.09
61147,2022-11-12,23,6.09,6.02,0,-6.02
61156,2022-11-13,1,6.18,5.86,0,-5.86
61165,2022-11-13,2,6.17,6.07,0,-6.07
61174,2022-11-13,3,4.71,5.81,0,-5.81
61183,2022-11-13,4,5.73,5.58,0,-5.58
61192,2022-11-13,5,4.38,5.53,0,-5.53
61201,2022-11-13,6,5.96,5.25,0,-5.25
61210,2022-11-13,7,7.72,4.95,0,-4.95
61220,2022-11-13,8,9.19,1.81,1.25,-0.56
61228,2022-11-13,9,21.66,0.05,4.35,4.3
61237,2022-11-13,10,9.88,0,7.78,7.78
61246,2022-11-13,11,33.35,0,11.54,11.54
61255,2022-11-13,12,31.59,0,13.25,13.25
61264,2022-11-13,13,31.23,0,12.32,12.32
61273,2022-11-13,14,25.25,0,6.89,6.89
61282,2022-11-13,15,12.6,1.05,2.64,1.59
61291,2022-11-13,16,8.41,3.72,0.01,-3.71
61300,2022-11-13,17,7.86,4,0,-4
61310,2022-11-13,18,8.08,6.23,0,-6.23
61318,2022-11-13,19,6.54,6.53,0,-6.53
61327,2022-11-13,20,8.78,6.3,0,-6.3
61336,2022-11-13,21,6.67,6.83,0,-6.83
61345,2022-11-13,22,6.36,6.36,0,-6.36
61354,2022-11-13,23,6.54,6.34,0,-6.34
61363,2022-11-14,1,6.54,6.27,0,-6.27
61372,2022-11-14,2,6.08,6.03,0,-6.03
61381,2022-11-14,3,6.36,5.97,0,-5.97
61390,2022-11-14,4,5.62,6,0,-6
61399,2022-11-14,5,5.64,5.81,0,-5.81
61409,2022-11-14,6,4.49,5.84,0,-5.84
61417,2022-11-14,7,5.37,5.28,0,-5.28
61426,2022-11-14,8,4.68,4.93,0,-4.93
61435,2022-11-14,9,49.14,17.03,0,-17.03
61444,2022-11-14,10,45.86,38.58,0,-38.58
61453,2022-11-14,11,37.84,34.59,0,-34.59
61462,2022-11-14,12,44.33,24.58,0,-24.58
61472,2022-11-14,13,38.16,27.58,0,-27.58
61480,2022-11-14,14,40.37,25.28,0,-25.28
61489,2022-11-14,15,44.44,27.9,0,-27.9
61498,2022-11-14,16,46.39,35.6,0,-35.6
61507,2022-11-14,17,35.75,38.2,0,-38.2
61516,2022-11-14,18,21.89,28,0,-28
61525,2022-11-14,19,12.67,13.77,0,-13.77
61534,2022-11-14,20,7.04,8.31,0,-8.31
61543,2022-11-14,21,6.85,6.95,0,-6.95
61552,2022-11-14,22,7.01,6.69,0,-6.69
61561,2022-11-14,23,6.38,6.33,0,-6.33
61570,2022-11-15,1,5.8,6.07,0,-6.07
61579,2022-11-15,2,6.35,6.04,0,-6.04
61588,2022-11-15,3,6.49,6.01,0,-6.01
61597,2022-11-15,4,5.64,5.89,0,-5.89
61606,2022-11-15,5,6.03,5.92,0,-5.92
61617,2022-11-15,6,4.08,5.79,0,-5.79
61624,2022-11-15,7,6.95,5.39,0,-5.39
61633,2022-11-15,8,4.55,4.5,0,-4.5
61643,2022-11-15,9,31.76,9.04,0,-9.04
61651,2022-11-15,10,31.09,19.42,0,-19.42
61660,2022-11-15,11,36.57,17,0,-17
61669,2022-11-15,12,38.14,20.47,0,-20.47
61678,2022-11-15,13,44.77,24,0.09,-23.91
61687,2022-11-15,14,36.03,22.19,0,-22.19
61696,2022-11-15,15,46.15,22.19,0,-22.19
61705,2022-11-15,16,38.96,27.05,0,-27.05
61714,2022-11-15,17,33.29,27.96,0,-27.96
61723,2022-11-15,18,12.02,18.71,0,-18.71
61732,2022-11-15,19,7.51,9.83,0,-9.83
61741,2022-11-15,20,10.7,9.2,0,-9.2
61750,2022-11-15,21,6.34,8.15,0,-8.15
61759,2022-11-15,22,6.08,6.13,0,-6.13
61768,2022-11-15,23,5.71,5.98,0,-5.98
61777,2022-11-16,1,6.29,6.17,0,-6.17
61786,2022-11-16,2,5.77,5.94,0,-5.94
61795,2022-11-16,3,6.9,6.11,0,-6.11
61804,2022-11-16,4,6.31,6.1,0,-6.1
61813,2022-11-16,5,6.27,5.84,0,-5.84
61822,2022-11-16,6,5.73,5.81,0,-5.81
61831,2022-11-16,7,6.18,5.19,0,-5.19
61840,2022-11-16,8,9.35,2.53,0.15,-2.38
61849,2022-11-16,9,21.94,9.67,0.02,-9.65
61858,2022-11-16,10,41.8,15.8,0,-15.8
61867,2022-11-16,11,30.56,21.62,0,-21.62
61876,2022-11-16,12,64.4,21.75,0,-21.75
61885,2022-11-16,13,48.47,32.72,0,-32.72
61894,2022-11-16,14,39.61,32.74,0,-32.74
61903,2022-11-16,15,66.29,40.89,0,-40.89
61912,2022-11-16,16,50.92,47.23,0,-47.23
61921,2022-11-16,17,19.8,39.92,0,-39.92
61930,2022-11-16,18,10.52,16.3,0,-16.3
61939,2022-11-16,19,4.55,7.55,0,-7.55
61948,2022-11-16,20,6.9,6.45,0,-6.45
61957,2022-11-16,21,6.87,6.66,0,-6.66
61966,2022-11-16,22,6.1,6.28,0,-6.28
61975,2022-11-16,23,6.23,6.4,0,-6.4
61984,2022-11-17,1,6.03,6.39,0,-6.39
61993,2022-11-17,2,6.54,6.35,0,-6.35
62002,2022-11-17,3,6.04,6.33,0,-6.33
62013,2022-11-17,4,6.15,6.37,0,-6.37
62020,2022-11-17,5,6.09,6.25,0,-6.25
62029,2022-11-17,6,5.72,5.95,0,-5.95
62038,2022-11-17,7,5.48,5.08,0,-5.08
62047,2022-11-17,8,27.46,9.91,0.04,-9.87
62056,2022-11-17,9,50.6,36.01,0,-36.01
62065,2022-11-17,10,75.17,39.58,0,-39.58
62074,2022-11-17,11,66.07,43.97,0,-43.97
62083,2022-11-17,12,69.68,55.45,0,-55.45
62092,2022-11-17,13,54.54,43.24,0,-43.24
62101,2022-11-17,14,47.1,38.47,0,-38.47
62110,2022-11-17,15,39.9,32.28,0,-32.28
62119,2022-11-17,16,31.05,33.83,0,-33.83
62128,2022-11-17,17,25.65,27.22,0,-27.22
62137,2022-11-17,18,13.91,20.48,0,-20.48
62146,2022-11-17,19,12.19,15.69,0,-15.69
62155,2022-11-17,20,14.46,11.37,0,-11.37
62164,2022-11-17,21,6.46,10.49,0,-10.49
62173,2022-11-17,22,6.37,6.58,0,-6.58
62182,2022-11-17,23,6.63,6.29,0,-6.29
62191,2022-11-18,1,5.54,5.86,0,-5.86
62200,2022-11-18,2,5.5,5.77,0,-5.77
62209,2022-11-18,3,5.8,5.75,0,-5.75
62218,2022-11-18,4,5.91,5.57,0,-5.57
62227,2022-11-18,5,5.76,5.72,0,-5.72
62236,2022-11-18,6,5.44,5.28,0,-5.28
62245,2022-11-18,7,6.18,5.66,0,-5.66
62254,2022-11-18,8,4.33,3.31,0.01,-3.3
62263,2022-11-18,9,24.66,9.78,0,-9.78
62273,2022-11-18,10,29.88,8.24,0.01,-8.23
62281,2022-11-18,11,38.02,17.31,0,-17.31
62290,2022-11-18,12,39.36,14.72,0,-14.72
62300,2022-11-18,13,31.15,17.55,0,-17.55
62308,2022-11-18,14,46.7,19.47,0,-19.47
62317,2022-11-18,15,35.24,26.39,0,-26.39
62326,2022-11-18,16,43.8,28.03,0,-28.03
62335,2022-11-18,17,15.52,21.65,0,-21.65
62345,2022-11-18,18,13.75,12.55,0,-12.55
62353,2022-11-18,19,8.01,11.09,0,-11.09
62362,2022-11-18,20,6.13,8.49,0,-8.49
62371,2022-11-18,21,5.97,6.22,0,-6.22
62380,2022-11-18,22,5.94,6.15,0,-6.15
62389,2022-11-18,23,5.57,6.91,0,-6.91
62398,2022-11-19,1,5.94,6.08,0,-6.08
62407,2022-11-19,2,6.03,6.08,0,-6.08
62416,2022-11-19,3,5.62,5.89,0,-5.89
62425,2022-11-19,4,5.86,5.88,0,-5.88
62436,2022-11-19,5,6.47,5.78,0,-5.78
62443,2022-11-19,6,4.04,5.29,0,-5.29
62452,2022-11-19,7,3.34,4.46,0,-4.46
62461,2022-11-19,8,8.22,2.89,0.15,-2.74
62470,2022-11-19,9,20.72,0.03,5.17,5.14
62479,2022-11-19,10,23.32,0,7.6,7.6
62488,2022-11-19,11,16.5,0,5.64,5.64
62497,2022-11-19,12,25.32,0.03,6.44,6.41
62506,2022-11-19,13,19.87,0,7.03,7.03
62515,2022-11-19,14,27.41,0,6.2,6.2
62524,2022-11-19,15,16.2,0.12,3.52,3.4
62533,2022-11-19,16,14.1,3.11,0.24,-2.87
62542,2022-11-19,17,11.82,9.38,0,-9.38
62551,2022-11-19,18,9.97,10.56,0,-10.56
62560,2022-11-19,19,9.35,10.1,0,-10.1
62569,2022-11-19,20,13.45,10.2,0,-10.2
62578,2022-11-19,21,10.78,10.11,0,-10.11
62587,2022-11-19,22,10.79,10.37,0,-10.37
62596,2022-11-19,23,6.1,8.66,0,-8.66
62605,2022-11-20,1,6.61,6.25,0,-6.25
62614,2022-11-20,2,6.5,6.31,0,-6.31
62623,2022-11-20,3,6.44,6.31,0,-6.31
62632,2022-11-20,4,6.42,6.19,0,-6.19
62641,2022-11-20,5,6.25,6.11,0,-6.11
62650,2022-11-20,6,5.54,5.3,0,-5.3
62661,2022-11-20,10,25.94,0,8.27,8.27
62668,2022-11-20,17,15.74,8.67,0,-8.67
62677,2022-11-20,18,9.18,10.72,0,-10.72
62686,2022-11-20,21,6.43,6.57,0,-6.57
62695,2022-11-21,7,5.2,5.81,0,-5.81
62704,2022-11-21,9,42.37,13.93,0,-13.93
62715,2022-11-21,10,53.35,27.23,0,-27.23
62722,2022-11-21,11,47.63,35.02,0,-35.02
62731,2022-11-21,14,67.04,36.25,0,-36.25
62740,2022-11-21,15,63.04,45.61,0,-45.61
62749,2022-11-21,19,16.75,24.2,0,-24.2
62758,2022-11-21,20,14.1,12.24,0,-12.24
62767,2022-11-21,21,13.71,12.2,0,-12.2
62776,2022-11-21,23,5.68,6.1,0,-6.1
62785,2022-11-22,1,5.95,6.08,0,-6.08
62794,2022-11-22,2,6.03,6.08,0,-6.08
62803,2022-11-22,3,5.9,6.04,0,-6.04
62812,2022-11-22,7,5.77,5.41,0,-5.41
62821,2022-11-22,8,8.68,4.67,0,-4.67
62830,2022-11-22,9,43.11,12.03,0.19,-11.84
62839,2022-11-22,11,51.96,41.02,0,-41.02
62848,2022-11-22,14,56.87,31.53,0,-31.53
62857,2022-11-22,15,55.98,41.58,0,-41.58
62866,2022-11-22,16,59.7,47.89,0,-47.89
62875,2022-11-22,17,25.54,38.91,0,-38.91
62885,2022-11-22,18,24.35,24.31,0,-24.31
62893,2022-11-22,19,12.21,19.78,0,-19.78
62902,2022-11-22,20,15.68,16.19,0,-16.19
62911,2022-11-22,21,7.58,9.31,0,-9.31
62920,2022-11-22,22,7.06,7.14,0,-7.14
62929,2022-11-22,23,6.4,6.69,0,-6.69
62938,2022-11-23,1,7.05,6.73,0,-6.73
62947,2022-11-23,2,6.71,6.71,0,-6.71
62956,2022-11-23,3,6.39,6.7,0,-6.7
62965,2022-11-23,4,6.64,6.62,0,-6.62
62974,2022-11-23,5,7.1,6.72,0,-6.72
62983,2022-11-23,7,5.09,6.09,0,-6.09
62992,2022-11-23,8,7.2,5.78,0,-5.78
63001,2022-11-23,9,36.63,15.85,0,-15.85
63010,2022-11-23,10,41.07,30.25,0,-30.25
63019,2022-11-23,11,39.07,34.97,0,-34.97
63028,2022-11-23,12,40.54,31.37,0,-31.37
63037,2022-11-23,13,39.56,31.08,0,-31.08
63047,2022-11-23,15,33.83,38.21,0,-38.21
63056,2022-11-23,16,50.17,34.78,0,-34.78
63064,2022-11-23,18,12.48,15.16,0,-15.16
63073,2022-11-23,19,9.75,12.95,0,-12.95
63082,2022-11-23,20,9.99,10.72,0,-10.72
63091,2022-11-23,21,5.62,9.4,0,-9.4
63100,2022-11-23,22,6.28,5.93,0,-5.93
63109,2022-11-23,23,5.6,5.93,0,-5.93
63118,2022-11-24,1,6.35,5.97,0,-5.97
63127,2022-11-24,2,5.97,5.88,0,-5.88
63136,2022-11-24,3,6.77,6.34,0,-6.34
63146,2022-11-24,4,6.74,6.36,0,-6.36
63154,2022-11-24,5,6.45,5.9,0,-5.9
63163,2022-11-24,6,4.58,5.69,0,-5.69
63172,2022-11-24,7,4.4,5.47,0,-5.47
63181,2022-11-24,8,4.97,5.03,0,-5.03
63190,2022-11-24,9,33.04,15.42,0,-15.42
63200,2022-11-24,10,36.02,21.74,0,-21.74
63208,2022-11-24,11,40.58,27.97,0,-27.97
63217,2022-11-24,12,40.87,29.14,0,-29.14
63226,2022-11-24,13,50.86,31.12,0,-31.12
63235,2022-11-24,14,51.94,35.55,0,-35.55
63245,2022-11-24,15,43.89,37.05,0,-37.05
63253,2022-11-24,17,14.64,26.23,0,-26.23
63262,2022-11-24,18,28.67,21.58,0,-21.58
63271,2022-11-24,19,10.53,14.13,0,-14.13
63280,2022-11-24,20,8.06,10.12,0,-10.12
63289,2022-11-24,21,6.37,7.38,0,-7.38
63298,2022-11-24,22,6.23,6.5,0,-6.5
63307,2022-11-24,23,6.42,6.32,0,-6.32
63316,2022-11-25,1,5.88,6.24,0,-6.24
63325,2022-11-25,2,5.81,6.28,0,-6.28
63335,2022-11-25,3,6.04,5.89,0,-5.89
63343,2022-11-25,4,6.04,5.87,0,-5.87
63352,2022-11-25,5,5.8,5.86,0,-5.86
63361,2022-11-25,6,4.04,5.71,0,-5.71
63371,2022-11-25,7,3.83,5.04,0,-5.04
63381,2022-11-25,8,4.82,4.13,0,-4.13
63388,2022-11-25,9,25.23,13.04,0.04,-13
63397,2022-11-25,10,23.09,22.74,0,-22.74
63406,2022-11-25,11,33.42,18.92,0,-18.92
