name,0:00,0:30,1:00,1:30,2:00,2:30,3:00,3:30,4:00,4:30,5:00,5:30,6:00,6:30,7:00,7:30,8:00,8:30,9:00,9:30,10:00,10:30,11:00,11:30,12:00,12:30,13:00,13:30,14:00,14:30,15:00,15:30,16:00,16:30,17:00,17:30,18:00,18:30,19:00,19:30,20:00,20:30,21:00,21:30,22:00,22:30,23:00,23:30
sub67,11.742,11.615,11.211,11.091,11.218,11.353,11.250,11.211,11.274,11.369,11.480,11.568,11.695,11.782,11.565,10.988,10.153,9.810,9.790,9.650,9.815,9.823,9.831,9.839,9.847,9.985,10.100,10.250,10.310,10.340,10.355,11.260,11.853,12.407,12.555,13.226,13.780,14.100,13.702,13.554,12.867,12.672,12.352,12.017,11.861,12.266,12.118,11.931
sub68, 13.19 , 12.85 , 12.78 , 12.66 , 12.58 , 12.48 , 12.58 , 12.50 , 12.42 , 12.59 , 12.68 , 13.03 , 12.93 , 12.32 , 11.26 , 10.49 , 10.23 , 11.44 , 12.48 , 12.80 , 12.87 , 12.90 , 12.97 , 12.59 , 11.26 , 11.09 , 11.30 , 13.53 , 13.77 , 13.75 , 13.63 , 13.40 , 13.01 , 12.68 , 11.66 , 11.19 , 11.88 , 13.12 , 13.91 , 14.12 , 14.00 , 13.81 , 13.75 , 13.80 , 13.78 , 13.91 , 13.86 , 13.52 
sub69,14.933,14.158,13.411,12.904,12.440,11.985,11.672,11.353,11.157,11.203,11.414,12.278,12.854,13.032,13.102,12.867,12.343,12.783,12.708,12.895,13.295,13.454,13.509,13.679,13.621,13.470,13.777,14.469,14.781,15.065,15.059,15.151,15.058,14.965,14.797,15.625,18.011,20.953,23.491,24.037,23.654,22.834,21.658,20.290,18.536,17.884,16.846,15.778
sub70, 34.96 , 33.82 , 33.02 , 32.36 , 31.63 , 31.00 , 30.52 , 30.16 , 29.84 , 29.97 , 30.42 , 31.25 , 31.28 , 30.17 , 28.88 , 28.67 , 29.86 , 32.27 , 33.00 , 33.71 , 34.51 , 35.23 , 35.69 , 36.00 , 35.40 , 35.29 , 36.14 , 37.83 , 38.18 , 38.26 , 38.17 , 37.81 , 37.26 , 36.25 , 34.81 , 34.63 , 36.13 , 38.74 , 40.06 , 40.73 , 40.95 , 41.20 , 41.09 , 40.51 , 39.83 , 38.70 , 37.65 , 36.46 
sub71, 12.33 , 12.06 , 11.94 , 11.86 , 11.73 , 11.63 , 11.52 , 11.46 , 11.36 , 11.28 , 11.33 , 11.51 , 11.51 , 11.20 , 10.63 , 10.51 , 10.68 , 10.57 , 10.43 , 10.13 , 9.83 , 9.38 , 9.13 , 8.84 , 7.85 , 7.53 , 7.87 , 9.65 , 10.25 , 10.57 , 10.99 , 11.37 , 12.07 , 12.17 , 12.42 , 12.62 , 13.10 , 13.95 , 14.52 , 14.67 , 14.58 , 14.53 , 14.35 , 14.12 , 13.72 , 13.41 , 12.99 , 12.63 
sub72,7.328868325,8.005379248,7.779875607,7.892627427,7.554371966,7.103364684,7.441620146,7.216116505,7.103364684,6.765109223,7.103364684,8.005379248,8.343634709,8.79464199,13.66552063,13.66552063,19.30311165,34.25400303,36.12568325,36.57669053,35.3741,37.163,36.32863653,35.63700943,31.256,32.897,33.2455,36.72240058,35.07170154,33.69024393,32.42742354,31.29990534,30.68491231,26.45157706,19.86687075,15.04109284,11.43303459,12.4929017,13.6204199,13.10176153,11.88404187,10.62122148,10.14766383,9.180600145,9.17799818,8.591688714,7.937728155,7.915177791
sub73,17.730,17.278,16.905,16.598,16.360,16.305,16.674,16.585,16.694,17.137,18.101,19.157,19.611,18.722,17.286,16.457,16.338,16.467,16.250,16.252,16.285,16.342,16.398,16.466,16.275,16.038,16.336,17.097,17.367,17.479,17.544,17.539,17.492,17.469,17.049,16.917,17.618,19.126,20.643,21.460,21.608,21.497,20.970,20.405,19.729,19.394,18.779,18.240
sub74, 36.12 , 34.96 , 34.01 , 33.28 , 32.54 , 31.90 , 31.36 , 30.87 , 30.53 , 30.62 , 30.98 , 31.89 , 32.13 , 31.06 , 29.74 , 29.61 , 30.65 , 32.64 , 33.20 , 34.07 , 35.16 , 35.84 , 36.06 , 36.11 , 35.18 , 35.09 , 35.78 , 37.73 , 38.08 , 38.19 , 37.92 , 37.86 , 37.52 , 37.02 , 35.93 , 35.96 , 37.82 , 41.01 , 43.05 , 43.61 , 43.84 , 43.96 , 43.32 , 42.56 , 41.51 , 40.52 , 38.93 , 37.48 
sub75, 45.74 , 44.29 , 44.40 , 44.31 , 43.68 , 42.95 , 42.16 , 41.61 , 41.08 , 40.94 , 40.80 , 40.87 , 41.00 , 41.29 , 41.89 , 44.33 , 47.55 , 52.10 , 54.04 , 54.89 , 55.44 , 56.05 , 56.31 , 56.08 , 54.29 , 52.64 , 54.64 , 57.62 , 58.25 , 58.22 , 57.91 , 57.76 , 57.07 , 55.97 , 52.85 , 51.11 , 51.47 , 52.96 , 53.99 , 53.70 , 52.51 , 52.33 , 51.89 , 50.83 , 49.86 , 49.02 , 47.99 , 46.90 
sub76,45.08712107,43.83667593,42.89640232,42.07953309,41.58755329,41.09440127,40.68163362,40.85676404,41.08328165,41.2149861,42.51327951,44.19996023,45.42466034,43.95456911,41.06151486,39.51386645,39.18593133,40.90410135,43.18770254,44.6049178,45.50899398,46.48491891,47.4649981,48.1517966,47.55743812,47.09564904,46.89884903,47.92191933,47.67170865,47.26199715,46.40686906,45.75911078,44.61247285,43.25915786,42.33381548,43.37664616,47.59068207,56.92756473,60.5589896,58.91390932,57.14073547,55.52107833,54.0822321,52.58153461,51.243317,50.33046973,48.52339837,46.70512132
sub77,49.97005908,48.61354696,47.33072516,46.2978185,45.14661044,44.25941426,43.39987861,42.56378413,42.15851106,41.97876523,41.77224904,42.02749731,42.52011923,42.71436315,41.07362164,39.87446056,39.28176785,41.24362251,42.34681285,43.23378216,43.49049388,43.79683085,44.0284171,43.99922352,43.11806505,42.0688942,42.34609676,44.29474,44.00288235,44.04756257,43.98453733,43.87465454,43.12975613,42.48231712,41.18930919,40.54822055,41.74757616,45.42026385,48.48799923,49.61729579,50.30770097,51.18111212,51.66461969,51.71561827,53.0792593,53.63828798,52.56833407,51.30982399
sub78, 19.78 , 19.93 , 18.70 , 19.33 , 17.74 , 17.66 , 17.60 , 17.64 , 18.23 , 17.81 , 18.26 , 17.73 , 17.79 , 17.26 , 16.38 , 17.55 , 17.72 , 18.98 , 18.87 , 19.15 , 19.14 , 19.72 , 19.52 , 19.44 , 18.16 , 18.04 , 18.96 , 19.93 , 20.31 , 20.36 , 20.32 , 20.36 , 19.90 , 19.64 , 18.55 , 17.24 , 16.90 , 17.24 , 17.50 , 17.83 , 18.17 , 17.77 , 17.78 , 17.75 , 17.94 , 19.68 , 20.70 , 20.41 
sub79,37.967,37.160,36.510,35.851,35.296,34.768,34.332,34.002,33.819,33.880,34.377,36.421,38.289,38.641,37.762,36.513,35.515,35.974,36.386,36.892,37.585,38.228,38.631,38.922,38.842,38.358,38.589,39.733,40.350,40.652,40.763,40.712,40.556,39.987,39.177,39.055,41.536,45.531,47.148,47.150,46.640,45.697,44.501,42.905,41.417,40.933,40.008,38.905
sub80, 32.01 , 30.95 , 30.87 , 31.68 , 31.08 , 30.72 , 30.31 , 30.03 , 29.88 , 29.78 , 29.22 , 30.34 , 31.92 , 31.50 , 30.24 , 29.77 , 30.34 , 33.65 , 34.19 , 34.45 , 34.43 , 34.58 , 34.73 , 34.92 , 31.27 , 30.20 , 32.13 , 35.87 , 36.02 , 36.06 , 35.94 , 35.98 , 35.82 , 35.60 , 32.99 , 32.77 , 35.12 , 37.49 , 38.71 , 38.86 , 37.79 , 38.76 , 38.39 , 37.77 , 36.91 , 36.24 , 35.20 , 34.37 
sub81,34.314,33.309,32.671,31.984,31.297,30.794,30.376,30.101,30.025,30.514,31.551,33.466,33.602,32.902,31.664,30.447,29.626,30.258,30.737,31.156,31.478,31.804,31.936,32.184,31.337,30.877,31.537,33.001,33.321,33.743,33.716,33.771,33.831,33.701,33.134,34.109,38.287,43.385,46.436,46.333,45.447,43.937,41.931,39.999,37.918,37.500,36.582,35.452
sub82, 21.53 , 21.15 , 21.22 , 22.21 , 22.22 , 22.17 , 21.97 , 21.76 , 21.53 , 21.31 , 20.61 , 20.43 , 20.85 , 21.24 , 21.10 , 20.89 , 19.80 , 21.61 , 22.45 , 22.65 , 22.70 , 22.62 , 22.48 , 22.60 , 21.35 , 20.98 , 21.37 , 23.23 , 23.42 , 23.53 , 23.54 , 23.62 , 23.83 , 23.75 , 22.82 , 22.39 , 23.09 , 23.02 , 22.97 , 22.67 , 21.30 , 22.44 , 22.64 , 22.67 , 22.67 , 22.57 , 22.70 , 22.66 
sub83,45.9469383,44.1412473,42.80211637,41.69773089,40.83105284,40.16934444,39.75248343,39.31039874,39.20844396,39.65336592,40.7000082,42.37222261,44.05029864,44.26661739,41.99062486,39.71335399,39.46701003,40.86849862,43.62190146,45.16687504,46.34375132,47.64119614,48.19939081,48.71007578,48.97131638,48.61381987,49.06382398,50.41852385,51.47138682,52.08994808,52.26751154,52.07021188,51.49858693,50.60069107,49.64415562,48.43491572,48.25834998,51.22878868,56.15816236,58.51864953,58.55531584,58.09873299,57.60959944,56.27727047,54.50278452,52.51634982,50.33919419,47.81804249
sub84,25.06646892,24.76962068,24.25892464,23.95067694,23.59224078,23.28947715,23.03249623,22.92564935,22.86076483,22.96345244,23.37075225,24.16014982,24.5900637,23.3291288,20.90403122,20.36822555,20.73199172,22.09863356,22.56810667,23.27398004,23.52689412,23.76486566,23.70555763,23.70024445,22.87050059,22.716577,22.95054332,24.24861307,24.48754732,24.4522226,24.05453531,23.89518927,23.65081404,23.35026403,22.29072995,22.27665007,23.4097261,26.12091945,28.49807766,28.84,28.52448129,28.25711762,27.88577233,27.48318466,26.84869828,26.87460896,26.13253458,25.66922335
sub85,28.087,27.298,26.671,26.067,25.575,25.220,24.826,24.621,24.536,24.917,25.431,26.497,26.589,26.323,25.628,24.857,24.056,24.626,24.708,25.047,25.163,25.575,25.957,26.229,25.930,25.834,26.339,27.689,27.966,28.334,28.456,28.450,28.399,28.215,27.806,28.512,31.224,34.383,35.582,35.612,35.087,34.859,33.886,32.760,31.263,31.358,30.174,29.051
sub86, 6.70 , 6.62 , 6.48 , 6.60 , 6.52 , 6.46 , 6.36 , 6.30 , 6.28 , 6.06 , 5.89 , 5.79 , 5.99 , 6.24 , 6.61 , 7.71 , 8.74 , 9.94 , 10.42 , 10.57 , 10.48 , 10.67 , 10.88 , 10.62 , 10.20 , 9.78 , 9.89 , 10.77 , 10.95 , 10.81 , 10.68 , 10.62 , 10.68 , 10.48 , 9.71 , 8.77 , 8.87 , 8.62 , 8.43 , 8.40 , 8.11 , 7.56 , 7.58 , 7.51 , 7.32 , 7.10 , 6.84 , 6.69 
sub87, 7.12 , 7.01 , 7.23 , 7.28 , 7.14 , 7.18 , 6.92 , 6.90 , 7.00 , 6.84 , 6.71 , 6.66 , 6.77 , 6.86 , 6.77 , 8.39 , 10.46 , 12.67 , 13.07 , 13.36 , 13.32 , 13.61 , 13.70 , 13.44 , 12.73 , 12.41 , 12.78 , 13.76 , 13.81 , 13.79 , 13.28 , 13.31 , 13.45 , 13.49 , 12.78 , 11.94 , 11.68 , 11.58 , 11.02 , 10.30 , 9.53 , 9.25 , 8.57 , 8.40 , 7.76 , 7.94 , 7.32 , 7.33 
sub88,14.094,13.746,13.447,13.159,12.926,12.683,12.490,12.309,12.174,12.282,12.335,12.484,12.441,12.217,11.875,11.802,11.701,11.844,11.976,12.167,12.283,12.449,12.583,12.805,12.927,13.036,13.143,13.326,13.434,13.523,13.549,13.594,13.483,13.487,13.311,13.369,14.105,15.385,16.274,16.552,16.620,16.565,16.253,15.906,15.501,15.239,14.868,14.487
sub89,20.442,19.915,19.571,19.274,18.816,18.673,18.422,18.175,18.204,18.837,19.751,20.638,20.658,19.957,18.652,17.721,17.282,17.557,17.590,17.793,17.850,17.956,17.975,18.047,17.727,17.674,18.168,18.967,19.201,19.385,19.313,19.351,19.254,19.305,18.856,18.930,20.210,21.942,23.206,23.763,23.888,24.000,23.714,23.243,22.447,22.367,21.812,21.089
sub90,21.52059058,20.98446973,20.62432035,20.28830752,20.04073097,19.79189932,19.59526697,19.4816965,19.4119258,19.46743985,19.61686113,20.04787539,20.3894879,20.16575825,19.65322685,19.27238441,19.52668701,20.23253602,20.65965625,21.19896312,21.70988543,21.79948027,21.93908602,21.91835936,21.70212955,21.64709824,21.86497075,22.27375401,22.43742982,22.53229784,22.58395003,22.48441094,22.26862301,22.04741082,21.71220253,21.58974981,22.30039395,23.73638941,24.83,24.82958163,24.74075916,24.62136374,24.22867831,23.8097637,23.47384821,23.17011398,22.61690446,22.01732059
sub91, 49.43 , 47.74 , 46.22 , 44.86 , 43.69 , 42.69 , 41.82 , 41.03 , 40.41 , 40.33 , 40.40 , 40.69 , 40.87 , 40.44 , 39.58 , 39.45 , 40.40 , 42.63 , 44.39 , 45.84 , 47.05 , 47.58 , 48.20 , 48.47 , 48.47 , 48.39 , 48.83 , 49.75 , 50.07 , 50.41 , 50.58 , 50.47 , 50.32 , 50.01 , 49.42 , 49.04 , 50.70 , 53.94 , 56.24 , 56.96 , 57.02 , 57.26 , 57.17 , 56.31 , 55.08 , 54.44 , 52.88 , 51.09 
sub92,36.281,34.606,33.291,32.099,31.129,30.294,29.556,28.957,28.507,28.251,28.249,28.935,29.972,30.820,30.891,30.899,31.941,34.627,36.675,38.538,40.834,42.028,43.342,43.932,43.919,43.832,44.649,46.477,47.271,47.941,48.293,48.487,48.293,47.979,47.028,45.959,47.125,49.022,50.794,51.470,51.211,49.909,48.410,46.003,44.430,42.543,40.342,38.246
sub93,38.96858789,37.86150649,36.91066205,36.17443075,35.46133288,34.85675069,34.45299196,34.11901061,33.80007187,34.13676246,34.9885704,36.42408175,37.43667076,37.07125705,35.4231866,35.48110054,37.11071819,39.63078725,40.15255906,40.65159685,40.8660955,40.98789426,41.17618696,40.75273097,39.61319023,39.43677839,40.37778502,42.1956639,42.83050034,43.38846914,43.56806497,43.66457527,43.41949206,42.89953358,41.83848047,41.8193098,43.02472601,45.57771173,47.67293573,47.95763907,47.67762799,47.28020682,46.33253845,45.40587486,44.07236125,43.21375472,41.93077757,40.49239747
sub94,45.62621696,44.25760841,43.20860786,42.30875771,41.46600607,40.7035355,40.10222556,39.4893044,39.1022635,38.77830627,38.94353682,39.55605898,40.06192543,40.1993449,39.72049151,40.22911114,42.09237392,45.31510789,48.14106509,50.44922541,51.8015543,52.89568302,53.40202828,53.56190068,52.66293976,51.33694561,51.6349671,53.07845088,54.10624683,55.192272,55.48610388,55.60480972,55.72500145,55.28994995,54.62850902,53.81560343,53.76257483,55.06251355,56.16075208,55.96423905,55.33495842,54.71876537,54.18002039,53.35808596,52.13369125,50.5340951,48.92520198,47.16919342
sub95,28.840,27.273,27.244,26.036,26.001,25.146,25.118,24.423,24.415,24.133,24.366,26.639,28.390,29.529,28.066,26.204,25.372,25.554,26.361,27.077,27.859,28.229,28.319,28.254,28.433,27.752,28.137,29.353,30.102,30.909,31.141,31.612,32.525,32.979,32.170,31.356,32.454,34.866,36.545,37.780,37.514,36.088,35.569,33.268,32.543,30.166,29.939,28.947
sub96,10.386,9.987,9.715,9.506,9.339,9.342,9.206,9.220,9.210,9.343,9.816,10.668,11.991,12.900,12.725,12.108,11.471,11.368,11.246,11.198,11.203,11.241,11.302,11.364,11.324,11.203,11.377,11.787,11.970,12.087,12.104,12.111,12.171,12.348,12.245,12.509,13.592,14.897,16.144,16.630,16.391,15.835,14.813,13.981,12.977,12.230,11.426,10.843
sub97, 32.67 , 32.20 , 31.99 , 31.44 , 30.60 , 29.78 , 29.03 , 28.42 , 27.92 , 27.64 , 27.58 , 27.88 , 27.86 , 27.68 , 27.14 , 26.72 , 26.78 , 28.29 , 28.82 , 29.16 , 29.33 , 29.43 , 29.38 , 29.34 , 28.69 , 28.51 , 29.41 , 30.84 , 31.36 , 31.57 , 31.69 , 31.20 , 30.34 , 30.27 , 30.03 , 29.97 , 30.61 , 32.22 , 33.73 , 34.61 , 35.20 , 35.93 , 36.29 , 36.40 , 36.03 , 36.50 , 35.72 , 34.18 
sub98,16.629,16.001,15.523,15.222,14.964,14.683,14.528,14.368,14.410,15.220,16.658,18.924,19.923,18.709,16.723,15.581,15.176,15.558,15.725,15.965,16.336,16.564,16.725,16.954,16.880,16.771,16.885,17.661,17.902,17.931,17.902,17.902,17.904,17.676,17.158,17.061,18.616,21.330,23.903,24.997,25.017,24.478,23.363,22.187,20.778,19.555,18.334,17.410
sub99, 28.08 , 27.00 , 26.11 , 25.29 , 24.60 , 23.94 , 23.40 , 22.88 , 22.49 , 22.61 , 22.66 , 23.31 , 23.74 , 23.86 , 23.73 , 23.85 , 24.55 , 26.55 , 28.38 , 29.51 , 30.13 , 30.10 , 30.35 , 30.50 , 30.48 , 29.71 , 29.94 , 31.36 , 31.97 , 32.14 , 32.16 , 31.87 , 31.51 , 30.74 , 29.58 , 28.40 , 28.37 , 29.25 , 30.57 , 31.53 , 32.01 , 31.89 , 32.27 , 32.18 , 31.60 , 30.98 , 30.23 , 29.08 
sub100,19.36077734,18.72747358,18.25783147,17.79763074,17.42157131,17.18400761,16.94159023,16.74777601,16.59259166,16.62184663,16.82184429,17.238495,17.47865176,17.77469218,18.09260734,18.75952108,19.65502256,21.44107213,22.68879689,23.65311405,23.97009838,24.09243737,24.4923662,23.96481208,23.39709976,22.7682175,22.79926767,23.50361374,23.90724146,24.50812399,24.71995662,24.99,24.96524743,24.92962837,24.33143058,23.2783844,23.51618082,23.97498529,24.46799813,24.18645223,23.92634889,23.68812029,23.42582283,22.97397738,22.29731211,21.51899675,20.78719016,20.00162755
sub101,40.993,40.012,39.226,38.611,38.175,37.575,37.114,36.816,36.555,36.627,36.804,37.451,37.934,37.814,36.932,36.045,35.803,35.720,35.734,36.097,36.395,36.733,37.043,37.498,37.722,37.733,38.017,38.629,39.128,39.634,39.726,39.939,40.066,40.206,40.392,40.371,41.111,43.083,44.894,45.889,46.550,46.317,45.766,45.330,44.467,43.747,42.972,42.036
sub102, 45.76 , 44.82 , 44.21 , 44.02 , 43.11 , 42.62 , 42.14 , 41.84 , 41.31 , 41.15 , 41.04 , 42.32 , 43.67 , 43.27 , 41.52 , 40.82 , 42.25 , 48.20 , 49.81 , 50.65 , 51.49 , 52.35 , 52.55 , 51.96 , 47.91 , 46.54 , 49.56 , 54.15 , 54.95 , 55.14 , 54.66 , 54.96 , 54.44 , 53.94 , 50.13 , 49.69 , 52.99 , 55.98 , 56.82 , 56.27 , 54.38 , 54.81 , 53.98 , 52.89 , 51.72 , 51.43 , 50.48 , 48.67 
sub103,26.178,25.176,24.386,23.675,23.050,22.588,22.129,21.789,21.873,22.993,25.275,28.672,29.052,26.997,24.140,21.858,20.579,20.791,20.552,20.676,20.733,20.788,20.998,21.257,20.604,20.398,21.362,21.818,22.971,22.863,23.134,23.404,23.563,24.303,24.739,25.919,29.669,35.353,39.324,40.394,39.989,38.909,37.152,34.680,32.131,30.392,28.621,27.210
sub104,27.115,26.527,26.080,25.643,25.314,24.951,24.633,24.360,24.171,24.064,24.055,24.141,23.655,24.175,23.849,23.572,23.296,23.908,24.741,25.849,26.753,27.160,27.344,27.458,27.414,27.351,27.482,28.136,28.734,29.075,29.146,29.384,29.253,28.995,28.493,28.398,29.373,32.052,33.704,34.090,34.073,33.554,32.531,31.362,30.322,29.415,28.603,27.848
sub105, 44.42 , 43.00 , 42.28 , 41.77 , 41.01 , 40.32 , 39.48 , 39.02 , 38.53 , 38.24 , 37.96 , 38.43 , 39.39 , 38.66 , 36.60 , 35.56 , 37.42 , 41.69 , 42.98 , 43.57 , 43.68 , 44.13 , 44.41 , 44.44 , 41.86 , 40.61 , 42.51 , 45.72 , 46.31 , 46.39 , 46.17 , 46.18 , 45.95 , 45.61 , 43.42 , 42.46 , 44.66 , 47.33 , 49.03 , 49.74 , 49.89 , 50.44 , 51.01 , 51.15 , 50.52 , 49.37 , 48.08 , 46.46 
sub106,12.505,12.143,11.841,11.610,11.397,11.252,11.112,11.000,10.963,11.059,11.264,11.858,12.346,12.387,12.035,11.844,11.636,11.910,12.075,12.228,12.281,12.397,12.442,12.523,12.366,12.332,12.600,13.153,13.330,13.388,13.369,13.342,13.032,12.780,12.531,12.725,13.775,15.131,16.317,16.850,16.697,16.336,15.749,15.058,14.367,14.227,13.535,12.997
sub107,48.4844356,47.8968926,47.10965419,46.57228226,45.94104091,45.56692655,45.02884167,44.80023231,44.55754842,44.94919316,45.67360063,47.06507467,48.70185207,49.02218036,47.08825494,46.19855746,46.78928504,50.75733564,52.01775515,52.1811564,52.48210056,52.91745673,53.41537486,53.78298471,50.95528953,49.04854601,50.57019983,54.58054754,54.72169902,54.52441739,53.99271652,53.66320514,52.43705364,51.61979594,48.44702584,47.02467774,48.28201374,51.46212735,54.22824509,54.05104851,53.35133501,52.96945108,52.08859924,51.34412679,49.69159652,51.8876199,50.82108263,49.94632253
sub108,42.453,41.260,39.971,38.958,38.201,37.426,36.754,36.182,35.607,35.351,35.575,36.096,36.253,36.534,36.640,37.614,38.972,41.466,42.755,43.652,44.166,45.025,46.030,46.250,45.883,45.398,46.756,48.978,49.935,50.651,51.305,51.893,51.953,51.707,50.360,50.156,51.711,53.462,54.131,53.391,52.216,51.722,50.968,49.568,48.322,46.944,45.855,44.218
sub109, 7.15 , 7.11 , 7.13 , 7.18 , 7.16 , 7.16 , 7.09 , 7.03 , 7.00 , 6.89 , 6.76 , 6.67 , 6.76 , 6.80 , 6.81 , 6.97 , 7.35 , 8.24 , 8.56 , 8.67 , 8.70 , 8.71 , 8.80 , 8.75 , 8.39 , 7.89 , 8.16 , 8.94 , 9.04 , 9.08 , 9.06 , 9.07 , 9.03 , 8.83 , 8.16 , 7.43 , 7.68 , 7.68 , 7.60 , 7.50 , 7.21 , 7.33 , 7.39 , 7.43 , 7.44 , 7.40 , 7.37 , 7.28 
sub110,32.349,31.245,30.952,31.482,30.651,30.435,29.887,29.895,29.768,29.806,29.320,29.892,30.906,31.023,30.333,29.989,32.027,35.277,35.863,36.011,36.019,36.363,36.608,36.360,34.090,32.242,34.363,37.060,37.300,37.241,37.055,37.450,37.365,36.723,34.685,34.058,35.234,35.500,35.737,35.185,34.478,35.186,35.070,34.945,34.926,35.023,34.451,33.825
sub111, 44.15 , 42.60 , 41.49 , 41.17 , 40.79 , 40.50 , 40.17 , 40.09 , 39.81 , 40.59 , 41.33 , 42.71 , 43.47 , 43.42 , 43.16 , 44.97 , 47.92 , 51.77 , 51.77 , 51.21 , 50.61 , 49.11 , 48.47 , 48.05 , 47.22 , 46.97 , 48.34 , 51.09 , 51.31 , 51.85 , 50.93 , 50.43 , 50.74 , 51.13 , 49.28 , 49.18 , 50.59 , 52.15 , 53.66 , 53.48 , 52.44 , 51.87 , 51.32 , 49.97 , 49.51 , 48.36 , 47.00 , 45.72 
sub112,11.27868227,11.03118365,10.71409428,10.59250509,10.40471127,10.45690433,10.3899213,10.42565077,10.32254905,10.38976561,10.40362149,10.52766271,11.06722449,11.24295279,11.5764279,11.80695696,12.02588757,12.84941695,13.09726586,13.17985622,13.28112866,13.47234752,13.31927123,13.58,12.81719037,12.75398267,12.87296416,13.37799147,13.45655468,13.41182536,13.3586982,13.48931707,13.32795767,13.10143041,12.20916655,11.92601629,11.55922482,12.20881626,12.32499544,12.3102833,11.87510763,12.02522592,11.8246271,11.59320552,11.67369147,11.53894698,11.65769494,11.58327799
sub113,27.199,26.331,25.453,24.686,24.105,23.466,22.956,22.470,22.237,22.071,21.956,21.935,22.018,22.238,22.032,21.846,21.786,22.593,23.566,24.111,24.516,24.821,25.200,25.554,25.702,25.817,26.215,27.181,27.763,28.186,28.350,28.409,28.196,28.054,27.641,27.515,28.307,29.727,30.735,31.339,31.636,31.896,31.943,31.790,31.330,30.595,29.636,28.438
sub114,6.216,6.097,5.992,5.956,5.870,5.797,5.734,5.737,5.751,6.002,6.354,7.003,7.609,7.564,7.383,7.110,6.788,6.715,6.626,6.630,6.652,6.714,6.776,6.722,6.664,6.574,6.589,6.753,6.800,6.894,6.884,6.945,6.980,7.090,7.350,8.133,9.691,10.090,9.871,9.335,8.810,8.224,7.516,7.069,6.698,6.769,6.536,6.326
sub115,29.003,28.082,27.421,26.753,26.147,25.696,25.253,24.788,24.337,24.409,24.813,26.001,26.266,26.297,25.762,25.612,26.155,28.595,29.601,30.286,31.054,31.346,31.719,31.891,31.149,30.649,31.015,32.657,33.071,33.219,33.017,32.582,31.939,31.303,30.428,30.768,33.768,37.704,39.421,39.304,38.775,37.948,36.362,34.723,32.954,32.714,31.491,30.184
sub116,36.953,35.692,35.357,35.962,35.014,34.767,34.141,34.151,34.005,34.048,33.493,34.146,35.305,35.438,34.651,34.258,36.586,40.298,40.968,41.137,41.146,41.538,41.819,41.535,38.942,36.831,39.254,42.335,42.608,42.542,42.329,42.780,42.684,41.950,39.622,38.906,40.249,40.553,40.823,40.192,39.385,40.194,40.061,39.919,39.897,40.008,39.354,38.640
sub117,44.821,43.466,42.257,41.260,40.447,39.937,39.351,38.930,38.569,38.868,39.712,41.591,43.881,45.275,44.975,44.681,45.286,46.910,47.379,48.043,48.321,48.698,48.767,49.004,48.337,47.784,48.723,51.110,52.060,52.587,52.741,53.013,52.729,52.089,50.658,50.128,51.492,54.410,56.831,57.950,57.360,56.398,55.110,53.649,51.615,50.251,48.404,46.599
sub118,14.820,14.084,13.561,12.990,12.721,12.570,12.394,12.206,12.322,12.501,13.055,14.241,15.452,15.366,14.626,13.894,14.133,15.265,15.662,16.006,16.411,16.498,16.783,16.755,15.872,15.005,15.750,17.965,18.583,18.684,18.630,18.200,17.895,17.095,15.574,15.269,17.644,20.967,24.021,25.107,25.194,24.512,23.237,21.598,19.884,18.203,16.742,15.535
sub119,23.837,22.939,22.164,21.515,20.951,20.377,19.833,19.378,19.052,18.804,18.750,18.956,18.908,18.599,18.392,18.254,18.362,19.343,20.709,21.794,22.491,22.985,23.418,23.743,23.799,23.754,23.870,24.587,25.206,25.425,25.573,25.401,25.233,24.494,23.356,22.927,24.351,27.574,30.052,30.827,30.902,30.708,30.109,29.134,27.988,26.940,25.855,24.796
sub120,44.13067183,43.27904661,42.58682168,41.85201722,40.83691077,40.09838751,39.57465474,39.42575878,39.52170611,39.971567,40.78149858,41.737574,43.60776408,44.23966359,42.43097797,41.0775997,41.13805513,43.51751835,44.25036965,45.13488212,46.24305601,46.82397139,47.15671822,47.09068998,45.13756205,44.70261867,45.50314157,47.98227768,48.12149289,47.98842222,47.66891768,47.37994512,46.93974068,45.64452066,44.84944223,44.30111654,46.03497278,49.82645808,52.35924515,52.36531091,51.40968584,50.69304061,49.49913707,48.37858105,47.3092458,48.71178197,46.93310326,45.48529652
sub121,23.049,22.428,21.866,21.367,20.899,20.538,20.273,20.107,20.160,21.121,22.506,24.489,24.965,23.545,21.935,20.645,20.481,21.056,21.509,21.784,21.933,22.057,22.624,22.886,22.938,22.854,23.320,24.220,24.455,24.668,24.604,24.394,24.409,24.750,24.254,24.009,25.484,28.214,30.790,31.817,31.647,31.154,30.009,28.577,27.058,26.192,25.207,24.068
sub122,23.92918113,23.47276742,23.13245285,22.8006852,22.48080513,22.19693489,22.01532388,22.09038051,22.12361368,22.26487632,22.80007781,23.69542095,24.4022982,24.26841106,22.76996839,22.32691735,22.57885599,23.77125852,24.20099025,24.80482734,25.32592859,25.5888871,25.58645752,25.62816751,25.20709616,24.99351015,25.08349134,25.83568409,26.08631366,26.11150683,25.84559812,25.73691786,25.41147147,25.24137057,24.66300068,24.56668524,25.38762253,27.33145905,29.08153666,29.19,28.87528278,28.42242667,27.94484091,27.34785787,26.52653094,26.04447649,25.23338767,24.55996051
sub123, 13.87 , 13.44 , 13.14 , 12.85 , 12.65 , 12.49 , 12.22 , 12.14 , 12.08 , 12.34 , 12.87 , 14.02 , 14.71 , 14.39 , 12.91 , 11.07 , 9.82 , 9.71 , 9.50 , 9.44 , 9.56 , 9.60 , 10.41 , 10.90 , 10.83 , 10.67 , 11.09 , 11.97 , 11.61 , 11.55 , 11.54 , 11.45 , 11.42 , 11.66 , 12.26 , 13.42 , 14.79 , 16.37 , 17.47 , 17.66 , 17.54 , 17.38 , 16.89 , 16.40 , 15.70 , 15.36 , 14.76 , 14.29 
sub124,9.756478598,9.618378324,9.519626909,9.454250913,9.354729113,9.277351715,9.239513316,9.215468691,9.194778031,9.190384809,9.224349614,9.269179376,9.377025897,9.340746384,9.211689575,8.999444976,8.97993529,9.234694943,9.284343079,9.272344386,9.37017625,9.435366,9.421099837,9.451406417,9.387938095,9.288311151,9.352319927,9.582964351,9.651374476,9.739159682,9.763865653,9.724279413,9.721728341,9.750874942,9.63901311,9.620778875,9.79457097,10.07791019,10.38099529,10.37173645,10.36701256,10.41,10.32034047,10.23994808,10.16761695,10.0889641,9.996611955,9.881348919
sub125,25.425,24.442,23.685,23.048,22.501,22.093,21.568,21.129,21.279,21.913,23.363,25.621,25.876,24.069,22.059,20.309,20.521,21.920,22.488,22.757,22.859,22.982,22.731,21.539,20.057,19.987,21.179,23.148,23.716,24.569,24.979,24.848,24.658,24.872,24.156,26.011,32.183,38.310,42.143,41.842,40.827,39.220,36.516,34.144,31.352,31.257,29.019,26.888
sub126,31.146,30.451,29.927,29.383,28.956,28.665,28.590,28.359,28.229,28.273,29.109,31.508,33.297,33.808,33.361,32.331,31.541,31.709,32.279,32.566,33.380,33.991,34.629,35.049,34.912,34.711,34.962,35.535,35.927,35.806,35.711,35.223,34.900,34.618,34.655,35.404,38.418,42.837,44.630,44.153,43.011,41.005,38.869,36.814,35.108,33.860,32.892,31.876
sub127,22.647,21.928,21.526,21.211,20.868,20.471,20.136,19.947,19.805,19.724,19.902,20.944,21.948,22.034,21.618,21.186,20.865,21.283,21.671,21.946,22.024,22.156,22.299,22.358,22.068,21.879,21.911,22.520,22.919,23.077,22.873,22.847,22.610,22.262,22.030,22.367,25.183,28.685,31.292,31.760,31.304,30.429,29.193,27.626,26.084,25.425,24.457,23.567
sub128,8.266,8.057,7.898,7.775,7.693,7.615,7.541,7.562,7.614,7.920,8.323,9.069,9.817,9.798,8.939,8.322,8.005,7.909,7.727,7.756,7.813,7.913,7.923,8.050,8.099,8.143,8.165,8.324,8.432,8.511,8.538,8.544,8.751,8.910,9.058,9.257,9.643,10.190,10.573,10.611,10.465,10.249,9.913,9.554,8.948,9.167,8.785,8.510
sub129, 42.17 , 41.25 , 40.52 , 39.96 , 39.29 , 38.76 , 38.10 , 37.67 , 37.28 , 37.32 , 37.87 , 38.71 , 39.35 , 39.21 , 37.88 , 37.13 , 38.43 , 42.49 , 43.54 , 44.21 , 44.70 , 45.32 , 45.68 , 45.93 , 44.11 , 42.97 , 44.34 , 48.02 , 48.83 , 49.01 , 48.73 , 48.47 , 47.68 , 46.65 , 43.94 , 42.54 , 43.15 , 45.30 , 47.24 , 47.62 , 46.96 , 46.90 , 46.71 , 46.31 , 45.53 , 45.20 , 44.12 , 43.16 
sub130,59.8436459,58.16875983,56.66944769,55.60421367,54.44248731,53.52942958,52.88452834,52.38108202,52.04597041,52.23281552,53.07806286,55.42695976,57.37412592,57.26663729,54.49691889,53.11349532,53.99472492,56.7540274,58.81100363,60.39975218,62.19101553,63.2406104,63.48313945,63.54945345,62.6478804,62.23197667,62.97932658,64.82105266,65.14651785,65.50117052,65.56467403,65.46301954,65.23390278,64.31381671,62.14724423,61.92194269,64.00683725,69.5149652,73.98709091,74.6664777,74.02548625,73.0208845,71.69424449,70.08466964,68.13920847,66.73128763,64.32417154,61.86662529
sub131,32.86120149,31.85288248,30.99767177,30.2163408,29.56538528,28.9230671,28.33089313,27.93643359,27.82726672,27.99369616,28.69829521,30.21254249,31.47514372,31.80955217,31.13301794,30.77008649,31.25254723,32.26774943,32.10595095,32.19919931,32.62980108,32.85430588,33.28154411,33.23575491,32.70083145,32.09777988,32.64333933,34.19689455,34.78876968,34.94294514,34.66979463,34.09748362,33.51798574,32.39930689,30.76520789,29.69370539,30.16858772,32.25752157,34.45768676,35.21429162,35.2959875,35.49422114,35.38471875,34.87189201,34.33780545,35.41816759,34.83485766,33.7677251
sub132, 43.64 , 42.45 , 41.25 , 40.44 , 39.67 , 39.31 , 38.12 , 37.21 , 37.07 , 37.54 , 37.96 , 39.33 , 39.94 , 39.73 , 39.05 , 38.33 , 39.68 , 43.92 , 44.82 , 45.96 , 46.71 , 47.41 , 47.96 , 47.81 , 44.27 , 43.33 , 46.39 , 51.25 , 52.16 , 52.63 , 52.70 , 52.42 , 51.59 , 50.03 , 44.86 , 43.74 , 44.64 , 47.21 , 49.47 , 50.33 , 49.93 , 49.99 , 49.45 , 48.39 , 47.59 , 48.22 , 47.28 , 45.52 
sub133, 52.51 , 50.95 , 49.61 , 48.83 , 47.92 , 47.06 , 46.18 , 45.55 , 45.00 , 44.75 , 44.66 , 45.53 , 46.00 , 44.96 , 44.02 , 44.49 , 46.67 , 50.88 , 52.19 , 53.26 , 53.60 , 54.23 , 54.69 , 54.79 , 53.04 , 52.07 , 53.00 , 56.36 , 56.86 , 57.29 , 57.17 , 57.21 , 56.72 , 55.50 , 52.60 , 51.73 , 54.26 , 57.57 , 60.10 , 60.96 , 60.35 , 60.46 , 60.43 , 60.10 , 58.81 , 57.67 , 55.85 , 54.51 
sub134,47.589,46.361,44.960,43.657,42.467,41.403,40.413,39.507,38.890,38.580,38.664,39.564,39.836,39.634,38.790,38.759,40.391,43.300,44.958,46.203,47.705,48.674,49.317,49.724,49.425,49.340,50.493,53.062,53.741,54.419,54.592,54.551,54.015,52.782,50.652,49.460,50.408,52.847,54.807,55.824,55.877,55.816,55.099,53.895,52.623,52.887,51.169,49.263
sub135, 11.40 , 11.32 , 11.34 , 11.54 , 11.13 , 10.91 , 10.52 , 10.33 , 9.80 , 9.87 , 9.44 , 9.59 , 10.42 , 11.16 , 10.81 , 11.20 , 11.82 , 13.85 , 14.93 , 15.47 , 15.64 , 15.93 , 15.73 , 15.50 , 14.31 , 14.32 , 15.08 , 16.56 , 16.74 , 16.97 , 16.87 , 16.88 , 16.39 , 16.28 , 14.84 , 14.55 , 15.03 , 15.58 , 15.47 , 15.19 , 14.00 , 14.10 , 13.86 , 13.58 , 13.19 , 13.12 , 12.62 , 12.11 
sub136,9.500,9.296,8.925,8.671,8.444,8.318,8.127,8.001,7.899,7.929,8.097,9.071,9.948,8.823,7.557,6.370,5.623,6.282,6.463,6.416,6.525,6.565,6.696,6.879,6.695,6.587,6.789,7.400,7.836,7.914,7.982,8.076,8.080,7.906,7.650,7.806,9.437,11.095,12.272,12.301,12.203,12.019,11.297,10.733,10.315,10.575,10.338,9.963
sub137, 15.11 , 14.67 , 14.48 , 14.22 , 13.89 , 13.63 , 13.42 , 13.31 , 13.27 , 13.46 , 13.87 , 14.44 , 14.56 , 14.02 , 13.35 , 12.77 , 12.77 , 13.89 , 14.20 , 14.27 , 14.01 , 14.01 , 13.88 , 13.92 , 12.86 , 12.37 , 13.40 , 14.95 , 14.83 , 15.10 , 14.90 , 14.98 , 15.12 , 15.04 , 14.33 , 14.28 , 15.69 , 17.91 , 19.38 , 19.74 , 19.53 , 19.06 , 18.75 , 18.21 , 17.57 , 16.90 , 16.32 , 15.70 
sub138,56.51776249,54.87022338,53.08404905,51.81308825,50.64845164,49.74093605,48.68517827,48.19015014,47.47462976,47.57077129,47.66572545,48.73342895,49.5459544,49.66573552,48.20198793,48.88796782,50.26298599,53.63643107,55.85678947,57.55070823,58.2908397,59.22073554,59.23170978,59.84417096,58.29871956,58.36244211,59.4105359,62.16212803,62.68907586,62.73018922,62.31259244,61.65259091,59.79181894,58.52057909,56.10523905,55.36078985,55.81717427,58.88200936,61.38284052,61.8878714,61.94860752,62.1048375,61.78471355,61.26683989,60.70542414,61.15529597,59.99274626,58.43285714
sub139,2.895,2.815,2.749,2.693,2.655,2.610,2.571,2.560,2.548,2.577,2.678,2.843,3.050,3.164,3.274,3.220,3.226,3.290,3.301,3.312,3.280,3.345,3.363,3.401,3.394,3.389,3.383,3.469,3.495,3.463,3.414,3.371,3.351,3.268,3.223,3.373,3.815,4.333,4.780,4.777,4.623,4.431,4.173,3.917,3.658,3.392,3.157,3.011
sub140,31.741,30.804,30.146,29.514,28.842,28.253,27.737,27.315,26.889,26.623,26.428,26.495,26.385,26.107,25.365,25.110,25.602,26.309,26.690,27.018,27.207,27.421,27.649,27.652,26.733,25.855,26.927,28.810,29.642,29.992,30.184,30.369,30.359,30.148,29.078,28.364,30.012,32.478,34.475,35.293,35.450,35.198,34.718,34.341,33.663,34.068,33.663,32.877
sub141, 26.35 , 26.31 , 26.19 , 25.84 , 25.44 , 24.99 , 24.38 , 24.26 , 24.41 , 24.81 , 25.02 , 25.40 , 25.11 , 24.86 , 24.09 , 24.19 , 24.92 , 27.58 , 29.08 , 29.72 , 30.01 , 30.40 , 30.55 , 30.44 , 29.44 , 29.16 , 29.67 , 31.30 , 31.50 , 31.53 , 30.91 , 30.73 , 30.50 , 30.33 , 29.05 , 28.71 , 28.86 , 29.82 , 30.26 , 30.26 , 29.95 , 30.20 , 30.52 , 30.35 , 29.72 , 29.24 , 28.10 , 27.27 
sub142,7.746,7.475,7.281,7.097,6.983,6.858,6.794,6.738,6.714,6.884,7.401,8.305,9.259,9.309,8.764,8.293,8.184,8.505,8.729,8.945,9.091,9.208,9.315,9.334,9.041,8.776,9.113,9.456,9.581,9.686,9.661,9.602,9.630,9.552,9.558,9.939,11.496,12.542,13.010,12.831,12.301,11.743,11.071,10.351,9.662,9.066,8.572,8.132
sub143, 45.31 , 44.50 , 43.76 , 43.34 , 43.26 , 43.07 , 42.73 , 42.45 , 42.17 , 42.45 , 43.02 , 43.64 , 44.35 , 44.61 , 44.26 , 43.80 , 43.68 , 45.19 , 44.83 , 43.71 , 42.36 , 42.50 , 42.70 , 42.40 , 39.73 , 38.36 , 39.64 , 43.47 , 44.17 , 44.97 , 45.48 , 46.00 , 46.62 , 46.68 , 44.83 , 44.66 , 46.16 , 48.38 , 49.47 , 49.88 , 49.88 , 49.57 , 49.50 , 48.98 , 48.20 , 47.61 , 47.01 , 46.18 
sub144, 21.61 , 21.32 , 21.13 , 21.28 , 21.12 , 20.95 , 20.99 , 20.97 , 21.11 , 21.45 , 21.44 , 22.03 , 22.13 , 21.56 , 20.42 , 20.17 , 19.55 , 19.06 , 18.26 , 18.09 , 18.07 , 17.28 , 17.09 , 16.90 , 16.29 , 16.08 , 16.42 , 17.54 , 18.08 , 18.87 , 18.67 , 18.57 , 18.09 , 17.82 , 17.63 , 18.09 , 18.96 , 20.40 , 21.49 , 21.79 , 21.91 , 22.10 , 22.11 , 21.90 , 21.32 , 22.11 , 21.98 , 21.79 
sub145,27.005,26.915,26.651,26.424,26.169,26.041,25.847,25.774,25.689,25.734,26.166,27.440,28.214,28.638,27.855,27.904,28.559,30.683,31.143,31.558,31.815,32.056,31.598,31.484,31.192,31.435,31.733,33.045,33.595,33.862,33.955,33.936,33.340,33.458,32.518,32.847,33.832,35.068,35.443,34.997,34.122,33.247,32.391,31.561,30.619,29.717,28.475,27.602
sub146, 29.24 , 28.50 , 28.34 , 28.61 , 28.61 , 28.42 , 27.88 , 27.73 , 27.63 , 27.38 , 26.34 , 26.00 , 26.84 , 27.03 , 26.43 , 27.00 , 29.77 , 34.51 , 35.39 , 35.59 , 35.60 , 35.74 , 35.75 , 35.29 , 32.87 , 31.82 , 33.63 , 36.23 , 37.06 , 37.49 , 37.69 , 38.21 , 38.45 , 37.73 , 34.18 , 33.16 , 34.61 , 35.39 , 35.65 , 34.60 , 32.90 , 32.77 , 32.73 , 32.78 , 32.56 , 32.09 , 31.33 , 30.11 
sub147,31.839,31.079,30.376,29.897,29.539,28.981,28.638,28.385,28.188,28.439,28.848,29.929,30.922,31.357,31.231,30.871,31.099,33.174,33.430,33.259,33.006,33.098,32.953,32.825,31.522,31.437,32.578,35.395,36.276,36.628,36.915,37.542,37.696,37.723,36.003,35.592,36.858,38.700,40.014,40.200,39.729,39.508,38.946,37.842,36.763,35.760,34.512,33.121
sub148,23.956,22.878,22.533,21.911,21.156,20.744,20.141,19.771,19.753,20.261,21.395,24.559,28.749,28.757,25.012,22.267,21.271,21.917,22.049,22.252,22.396,22.768,23.060,23.143,22.404,21.845,22.722,23.989,24.609,25.172,25.067,25.313,25.849,26.817,25.689,25.409,28.804,33.411,35.549,34.604,34.061,32.933,31.068,29.074,26.986,27.557,26.287,25.245
sub149,15.653,15.493,15.479,15.279,15.179,15.029,15.043,15.024,14.964,14.993,14.915,14.877,15.634,16.241,16.357,16.462,17.047,17.433,17.981,18.583,19.176,19.400,19.451,19.529,19.153,18.944,18.926,19.222,19.390,19.529,19.673,19.879,19.827,19.580,18.251,18.245,18.662,19.320,19.548,19.290,18.829,18.314,17.681,16.994,16.615,16.237,16.015,15.831
sub150, 44.24 , 42.72 , 44.60 , 45.06 , 45.73 , 45.73 , 45.34 , 44.72 , 43.77 , 44.25 , 42.83 , 43.58 , 43.30 , 43.72 , 43.45 , 42.89 , 44.16 , 47.70 , 48.46 , 48.01 , 47.09 , 47.44 , 47.41 , 45.63 , 41.61 , 40.29 , 45.00 , 47.42 , 48.34 , 48.94 , 49.02 , 50.19 , 50.54 , 49.81 , 46.38 , 47.65 , 48.02 , 48.80 , 48.36 , 46.49 , 43.30 , 44.72 , 46.48 , 46.54 , 46.57 , 47.10 , 46.89 , 46.33 
sub151,6.972,6.710,6.551,6.467,6.316,6.241,6.172,6.153,6.119,6.300,6.582,6.985,6.849,6.641,6.327,6.000,5.847,5.987,6.321,6.399,6.473,6.527,6.601,6.697,6.732,6.754,6.851,6.963,7.023,7.065,7.014,6.894,6.864,6.768,6.827,7.376,8.753,9.943,10.933,11.000,10.710,10.143,9.554,9.003,8.404,7.984,7.511,7.248
sub152,12.734,12.394,12.077,11.779,11.484,11.246,11.065,10.911,10.778,10.703,10.673,10.732,10.994,11.153,11.105,10.846,10.615,10.713,10.523,10.741,10.995,11.240,11.411,11.556,11.501,11.378,11.540,11.915,12.062,12.121,12.155,12.145,12.155,11.765,11.467,11.590,12.588,14.142,15.777,16.514,16.630,16.573,16.242,15.703,15.045,14.487,13.752,13.201
sub153, 90.65 , 89.20 , 90.35 , 92.47 , 92.59 , 92.49 , 91.65 , 91.52 , 90.62 , 89.69 , 87.36 , 87.71 , 88.67 , 89.48 , 89.34 , 89.85 , 89.49 , 94.40 , 95.62 , 95.47 , 94.48 , 94.55 , 93.50 , 91.93 , 87.96 , 86.13 , 89.61 , 94.43 , 96.59 , 97.70 , 98.22 , 99.42 , 100.21 , 99.42 , 95.18 , 95.98 , 97.49 , 97.28 , 95.32 , 94.14 , 91.10 , 93.86 , 94.58 , 94.64 , 94.04 , 94.29 , 93.70 , 93.17 
sub154, 32.42 , 31.40 , 30.61 , 29.86 , 29.20 , 28.54 , 28.01 , 27.44 , 27.00 , 26.83 , 26.84 , 27.27 , 27.38 , 27.57 , 27.72 , 31.01 , 34.14 , 37.92 , 40.22 , 42.56 , 44.27 , 46.34 , 47.26 , 47.43 , 46.52 , 46.11 , 46.74 , 48.60 , 48.96 , 49.33 , 49.14 , 48.94 , 47.67 , 45.96 , 42.99 , 41.84 , 42.37 , 43.61 , 44.44 , 44.55 , 43.70 , 42.29 , 40.64 , 38.72 , 37.12 , 35.73 , 34.62 , 33.52 
sub155,37.286,36.014,34.923,34.034,33.234,32.432,31.643,31.024,30.560,30.199,30.137,30.397,30.287,29.896,29.635,29.451,29.591,30.984,33.032,34.625,35.638,36.361,36.975,37.416,37.507,37.475,37.629,38.612,39.434,39.765,39.983,39.732,39.500,38.434,36.867,36.282,38.251,42.781,46.251,47.354,47.437,47.162,46.346,44.970,43.214,41.693,40.167,38.656
sub156,28.51928026,27.76461441,27.19143811,26.74341018,26.25404586,25.9529737,25.65352895,25.50006352,25.50914451,25.42250082,25.44743285,25.73672251,26.0795542,25.86447476,25.08048285,24.31234198,23.99017849,24.5524511,24.35882101,25.07595863,25.59468155,25.9764736,26.30101312,26.6205976,26.17423733,25.8841665,26.0883748,27.02086709,27.12746201,27.14199717,26.93860259,26.71327041,26.26487865,25.62238019,24.94407275,24.89463181,25.87856819,28.9708885,30.89377944,30.98,30.74959029,30.5569041,30.32161214,29.95425108,29.50214254,30.92229179,30.09478275,29.31612876
sub157,15.71852884,15.60127164,15.43858515,15.31480196,15.24339506,15.14340013,15.06833025,14.9329687,15.1295482,15.15582055,15.18082981,15.26756225,15.2036497,15.01056476,14.85924612,14.97835587,15.3853668,16.11972954,16.49592098,16.50501526,16.82550426,17.04616675,17.20603232,17.26693831,17.08961718,17.04540889,17.12822575,17.45143445,17.12482985,16.89994259,16.65254462,16.39032634,16.17706012,15.83448086,15.38161962,15.18045088,15.52447553,16.03754424,16.04617538,15.85359568,15.76526332,15.72593899,15.86079531,15.88621484,16.27205866,16.33576069,16.15252788,15.91738191
sub158,38.839,37.599,36.469,35.969,35.449,34.379,33.909,33.519,33.019,33.769,34.419,35.149,32.469,29.919,29.329,29.189,28.809,30.039,30.249,30.889,31.239,31.999,31.789,32.129,32.299,33.329,34.279,35.279,35.469,35.409,35.359,35.749,35.539,34.419,33.219,32.609,33.479,37.669,42.189,44.289,45.289,46.529,46.489,45.589,44.399,42.729,41.009,39.389
sub159,34.411,33.312,31.992,31.126,30.466,30.044,29.604,29.226,29.022,29.346,30.032,31.821,32.906,34.752,34.730,34.918,35.098,37.527,40.470,42.303,43.321,44.006,44.703,45.436,44.942,44.322,45.421,46.946,47.404,47.647,47.527,47.249,46.255,45.195,44.001,44.139,46.107,48.838,50.377,50.500,48.851,47.315,45.642,43.679,41.146,39.610,37.424,35.800
sub160,42.63485657,41.72815127,40.90586869,40.08950821,39.4313005,38.62925174,38.08257677,37.73175858,37.47631898,37.29220769,37.17958923,37.17527926,37.14306966,37.15159089,36.93622412,37.09125135,37.20903519,38.23382044,39.13009628,40.12652129,41.49439311,42.48420511,43.09707591,43.59467189,43.78173564,43.64253356,43.64792924,44.17544372,44.51726245,44.97697846,45.31730139,45.30854985,45.4576351,45.49368105,45.15697718,44.49669674,44.49383439,45.22935831,46.34060612,46.87856244,46.99335234,47.01,46.74955952,46.12959378,45.43353891,44.90594624,44.41233981,43.56952731
sub161,46.293,45.225,44.253,43.354,42.484,41.685,41.011,40.360,39.992,40.515,41.371,42.873,42.263,40.986,40.058,39.920,39.811,42.126,43.553,45.006,46.077,46.948,47.321,47.643,46.529,45.739,46.492,48.757,49.564,49.903,49.761,49.439,48.492,47.031,45.080,45.243,50.091,56.968,60.138,60.380,59.439,57.678,55.250,52.637,50.146,50.008,48.984,47.604
sub162, 34.57 , 33.18 , 32.07 , 31.11 , 30.22 , 29.55 , 28.90 , 28.28 , 27.87 , 27.59 , 27.58 , 27.93 , 27.91 , 27.64 , 27.26 , 27.52 , 28.42 , 29.64 , 30.54 , 31.51 , 32.73 , 33.40 , 33.79 , 33.98 , 33.56 , 33.52 , 34.24 , 35.53 , 36.00 , 36.15 , 35.92 , 35.54 , 34.97 , 34.29 , 33.15 , 32.92 , 33.88 , 36.01 , 37.77 , 38.68 , 39.39 , 40.20 , 40.35 , 39.99 , 39.20 , 38.71 , 37.47 , 36.03 
sub163,26.088,26.240,26.481,26.609,26.617,26.503,26.431,26.497,26.311,26.128,25.718,25.825,25.991,26.174,26.101,25.985,26.464,27.145,27.222,26.995,26.947,26.964,26.933,26.361,25.668,26.011,26.657,27.040,27.045,27.021,27.283,31.009,31.190,30.902,30.316,30.390,30.658,30.683,30.372,26.583,26.726,26.840,26.930,26.893,26.775,26.830,26.880,26.638
sub164,9.169,9.027,8.964,8.757,8.629,8.377,8.271,8.220,8.294,8.685,9.345,10.514,10.821,11.149,10.404,9.247,8.939,8.553,8.153,7.957,7.462,7.514,7.378,7.514,6.991,7.069,7.190,7.183,7.477,7.828,8.137,8.350,8.635,8.681,9.323,9.600,10.507,12.785,13.305,13.015,12.614,11.915,11.255,10.609,9.965,9.739,9.680,9.299
sub165,13.67935431,13.40016185,12.37547657,11.68409953,11.29496306,10.88748334,10.50726945,10.91477507,11.0322729,11.16876534,12.10321501,13.56579908,14.61552093,12.37286652,9.698021951,8.639446972,8.28905786,10.14440576,11.50769392,12.24881301,12.71625876,13.67594066,14.14785449,14.80990225,14.22926761,13.97973946,13.48527617,14.59718429,14.52292846,14.25759146,13.99176585,13.38748409,12.75844438,12.50521852,11.66959839,12.55765041,15.83333674,23.78880321,27.23353248,26.15098869,24.6065613,24.20990446,23.13145974,21.53594163,19.85834398,18.3110225,16.43869811,14.836018
sub166,20.224,19.856,19.576,19.297,19.067,18.887,18.749,18.769,18.808,19.372,20.069,20.949,21.285,20.493,19.142,18.384,18.621,19.494,19.965,20.279,20.599,20.649,20.825,20.761,20.564,20.434,20.646,21.511,21.820,21.838,21.890,21.909,22.097,21.854,21.096,21.012,23.044,25.062,25.564,25.464,25.434,25.166,24.450,23.784,22.922,22.172,21.405,20.631
sub167,32.272,31.828,31.462,31.053,30.644,30.204,29.467,28.710,27.705,28.911,30.002,31.576,32.644,32.120,31.786,33.142,33.791,34.280,34.458,34.545,34.910,35.274,35.332,35.691,35.890,35.992,36.380,36.918,37.172,37.235,37.141,36.997,36.374,35.583,35.267,35.127,36.046,37.739,38.703,38.527,37.742,37.261,36.480,35.702,34.712,33.944,33.323,32.863
sub168,38.202,36.991,35.988,34.989,34.344,33.741,33.211,33.155,32.952,33.148,33.711,35.315,36.869,37.150,36.070,34.798,35.533,38.399,38.239,38.761,39.061,39.597,39.989,39.823,37.462,37.018,38.370,42.267,43.342,43.936,43.734,43.551,42.921,41.642,38.762,38.282,40.657,44.512,47.842,49.004,49.221,49.323,48.037,46.459,44.270,44.040,41.890,39.973
sub169,22.81009163,22.01231586,21.37636273,20.86684674,20.37155538,19.93791576,19.5726177,19.34009447,19.12531681,19.10081104,19.18358846,19.58832666,20.04437422,20.31617492,20.26285897,20.60783653,21.80250479,24.48485854,26.43920714,28.40122409,29.82216305,30.55494383,30.88165601,31.11664731,30.81570735,30.65643954,31.27794849,32.70603992,33.13183381,33.41378289,33.23612258,32.89938755,31.93038799,30.58788759,29.31970287,28.34044492,28.31109099,28.94835839,29.77621136,29.77272562,29.51918236,28.85745591,27.79810912,26.8884112,26.11196365,25.3597137,24.48535737,23.65878027
sub170,7.030,6.765,6.535,6.345,6.194,6.061,5.953,5.879,5.828,5.818,5.897,6.154,6.530,6.915,7.091,7.011,7.015,7.173,7.296,7.373,7.443,7.501,7.570,7.635,7.579,7.487,7.593,7.791,7.954,8.025,8.071,8.093,8.148,8.208,8.211,8.248,8.659,9.259,9.730,9.870,9.793,9.638,9.369,9.019,8.619,8.185,7.726,7.352
sub171,6.640,6.282,5.950,5.666,5.451,5.265,5.153,5.115,5.099,5.388,5.966,7.224,8.713,8.868,7.660,5.725,4.981,5.115,5.332,5.654,5.607,5.746,5.923,6.017,5.848,5.852,6.236,7.227,7.567,7.835,7.990,8.154,8.091,7.941,7.443,7.592,8.071,9.511,10.442,10.889,10.673,10.659,10.090,10.172,9.298,8.598,7.796,7.143
sub172,44.00859044,43.01586478,42.23822109,41.76755664,41.23656038,40.82543456,40.38670222,40.23093706,40.19178238,40.8589059,41.66717698,43.0387524,43.51657026,42.71596649,40.9082552,40.13474896,40.36522119,42.03607879,42.09151561,42.58487455,42.73724002,42.91613568,43.14965321,43.07629555,41.57823784,41.17209347,41.86444858,44.19709709,44.62308224,44.85627916,44.67139269,44.6149992,44.28817643,44.01995148,42.13820972,42.18904685,44.13766778,47.32570513,49.47792805,49.90660709,49.44830733,49.31776683,48.57633794,47.57778031,46.49108987,46.85289474,46.13568852,45.06294606
sub173,17.98912575,17.42994646,16.96203552,16.53080989,16.10538537,15.78721515,15.60991923,15.51037773,15.48723928,15.81734129,16.43779463,17.53041086,18.33768579,18.31870039,17.47427869,17.38709748,18.06697907,19.00032891,19.56501264,19.90427775,20.04917325,20.12053329,20.15474656,20.11268148,19.59032651,19.51085812,19.97834057,20.7824002,21.01382548,21.12313368,21.26615042,21.20256912,20.790002,20.27811868,19.7002836,19.57997683,20.27413043,21.70264976,23.363081,23.5,23.36037822,23.11732558,22.66137939,22.04023396,21.17488208,20.56405328,19.59019466,18.7023966
sub174, 18.59 , 18.43 , 18.09 , 18.07 , 17.98 , 17.83 , 17.61 , 17.67 , 17.54 , 17.87 , 18.23 , 18.92 , 19.63 , 19.49 , 20.44 , 20.91 , 21.78 , 23.97 , 24.46 , 24.73 , 24.80 , 24.75 , 24.58 , 24.23 , 23.61 , 23.03 , 23.66 , 25.44 , 25.58 , 25.43 , 25.33 , 25.22 , 24.86 , 24.48 , 23.64 , 23.41 , 23.90 , 24.60 , 24.99 , 24.79 , 23.89 , 23.14 , 22.22 , 21.69 , 20.96 , 20.42 , 19.21 , 18.80 
sub175,4.2,4.06,3.99,3.9,3.83,3.82,3.78,3.77,3.83,3.95,4.2,4.69,4.88,4.15,3.65,3.41,3.37,3.52,3.68,3.77,3.97,4.19,4.46,4.6,4.64,4.56,4.36,4.48,4.4,4.37,4.37,4.36,4.25,4.17,4.24,4.48,5.38,7.6,7.98,7.49,7.09,6.74,6.36,5.99,5.49,5.05,4.72,4.49
sub176,25.57699913,25.23897507,24.74648029,24.50805978,24.05869166,23.94166883,23.67017464,23.52729065,23.37278166,23.33548813,23.29247628,23.80499936,24.38029576,23.93613335,22.23128221,20.7661222,20.63135548,22.03396711,22.71817615,23.50255423,23.92400761,24.69501398,24.84214335,25.00466979,24.15382731,23.69489839,23.89341667,24.99056068,24.54619557,24.39429083,24.00761987,23.72954283,23.03117795,22.14218628,21.44623971,21.81336642,23.35467417,26.68188855,29.77233568,29.91000053,29.42468092,29.37806404,28.69679717,28.11258038,27.27030419,27.62310038,26.70924563,26.11492173
sub177,21.2231831,20.54865931,20.0487819,19.66691101,19.27925389,19.00571185,18.73276065,18.52457857,18.35850966,18.33970441,18.38008578,18.6710069,19.10287571,19.32265063,18.87601062,19.13575943,19.88110344,21.23534641,22.35844575,23.1661751,23.89994665,24.4412445,24.71077286,24.81167452,24.52235361,24.32289163,24.49482827,25.02100057,25.31188329,25.56656461,25.4714789,25.56363075,25.45031715,25.04729111,24.69280295,24.21633533,23.94426021,24.51400025,25.51740202,25.62974455,25.47482025,25.14730733,24.92938646,24.5811421,24.07874934,23.53160413,22.90049744,22.05872304
sub178,32.263,31.437,30.731,30.104,29.468,28.868,28.376,28.024,27.779,28.016,28.838,30.177,30.211,29.655,29.031,28.693,28.888,29.945,30.798,31.553,32.412,32.993,33.313,33.442,32.879,32.169,32.492,33.863,34.550,34.604,34.540,34.217,33.593,32.673,31.614,31.946,35.585,41.041,43.643,43.723,43.057,41.523,39.457,37.387,35.688,35.157,34.233,33.172
sub179,25.927,25.297,24.719,24.419,24.146,23.806,23.551,23.327,23.302,24.301,26.505,28.842,28.920,27.122,24.985,22.854,22.631,22.744,22.324,22.373,22.312,22.365,21.921,21.670,21.360,20.893,21.635,22.951,23.675,23.978,24.741,25.310,26.247,26.504,26.108,26.119,27.815,31.927,34.401,34.831,34.162,33.533,32.319,31.033,29.290,29.018,27.818,26.893
sub180,18.249,17.856,17.566,17.315,17.088,16.887,16.713,16.575,16.466,16.478,16.591,17.465,18.518,19.087,18.734,18.021,17.362,17.220,17.253,17.269,17.337,17.431,17.499,17.620,17.570,17.455,17.565,18.069,18.315,18.465,18.557,18.565,18.511,18.370,18.213,18.535,19.940,22.601,24.821,25.670,25.611,25.156,24.244,23.091,21.797,20.619,19.485,18.815
sub181,13.048,13.062,12.851,12.729,12.657,12.568,12.533,12.591,12.695,13.270,14.054,15.071,15.452,15.351,14.856,14.398,14.367,14.294,14.026,13.644,13.510,13.116,12.962,12.780,12.545,12.406,12.371,12.560,12.126,12.328,12.499,12.483,12.663,12.947,13.135,13.345,14.015,14.656,14.991,14.900,14.573,14.209,13.686,13.205,12.865,13.737,13.419,13.142
sub182,20.563,20.098,19.729,19.375,19.105,18.863,18.635,18.446,18.379,18.392,18.445,19.002,20.341,21.715,22.137,21.971,21.609,21.722,22.298,22.609,22.637,22.571,22.434,22.507,22.169,22.128,22.066,22.812,22.839,23.160,23.061,23.183,23.467,23.414,22.818,22.915,24.754,27.104,29.062,29.323,28.767,27.974,26.757,25.521,24.021,22.961,22.001,21.236
sub183,20.204,20.448,20.388,20.290,20.205,20.023,19.957,19.894,19.928,20.014,20.170,20.345,19.870,19.481,19.349,19.277,19.719,21.404,21.660,21.599,21.304,21.138,21.499,21.343,20.965,20.561,20.758,22.222,22.352,22.311,22.442,22.773,22.757,22.580,21.886,20.803,21.372,22.298,23.020,22.989,22.258,22.171,22.125,21.868,21.558,21.340,20.922,20.533
sub184,20.171,19.500,18.937,18.496,18.045,17.693,17.326,17.094,16.956,17.103,17.571,19.054,20.532,20.842,20.451,20.450,20.152,20.511,20.663,20.994,21.329,21.722,22.045,22.270,22.015,21.799,21.943,22.625,22.903,22.931,22.721,22.582,22.323,22.102,21.808,21.843,23.350,25.880,27.942,28.283,27.755,26.942,25.846,24.608,23.359,22.639,22.127,21.045
sub185,19.23671293,19.03156398,18.85271347,18.70012598,18.53992858,18.43211566,18.30172079,18.21018953,18.40178222,18.42921328,18.85299663,19.52928731,19.63791432,19.37772628,18.64894493,18.51798373,18.49303032,19.07166643,19.49311371,19.70987218,19.80894256,19.86522048,19.95912319,19.80494264,19.5725399,19.43343788,19.47495612,19.95883663,20.20451334,20.1157811,20.03196593,19.92185235,19.83993791,19.58460957,19.25175577,18.91868959,19.20482211,20.45720047,21.37,21.22279254,21.02762496,20.86293241,20.66861431,20.45452009,20.03493911,19.80777453,19.68590982,19.56372657
sub186,18.247,17.568,16.997,16.468,16.091,15.970,15.685,15.573,15.349,15.401,15.846,16.915,18.179,18.249,17.589,16.822,16.388,16.674,16.966,17.322,17.440,17.779,17.944,18.084,17.215,16.865,17.278,18.463,18.761,19.172,18.846,18.717,18.189,17.252,15.919,16.047,18.288,22.123,25.787,27.307,27.565,27.332,26.294,25.110,22.921,21.711,20.379,19.175
sub187,12.260,11.949,11.663,11.539,11.345,11.325,11.241,11.176,11.121,11.271,11.652,12.653,13.466,13.492,12.739,12.127,11.417,11.255,11.431,11.558,11.782,11.937,12.073,12.134,11.971,11.853,12.089,12.584,12.769,12.751,12.741,12.628,12.488,12.294,12.483,13.052,14.669,17.062,19.154,19.940,19.810,18.978,17.821,16.571,15.134,14.202,13.370,12.739
sub188,23.088,22.297,21.712,21.130,20.672,20.251,19.882,19.784,19.701,19.956,20.671,22.359,23.761,23.763,22.392,21.814,21.870,22.858,23.808,24.274,24.872,25.524,25.804,25.945,25.118,25.061,25.791,27.129,27.564,27.350,26.916,26.590,26.380,25.865,24.542,24.170,25.512,27.718,29.694,30.548,30.533,30.550,29.941,28.850,27.616,26.543,25.502,24.341
sub189, 25.79 , 25.34 , 25.02 , 25.01 , 24.72 , 24.48 , 24.28 , 24.05 , 23.96 , 24.01 , 24.17 , 24.45 , 24.38 , 24.15 , 23.60 , 23.40 , 24.67 , 27.86 , 28.68 , 28.73 , 28.58 , 28.79 , 28.51 , 28.12 , 26.07 , 25.38 , 26.68 , 29.43 , 29.98 , 30.00 , 30.00 , 30.32 , 30.15 , 29.63 , 27.44 , 27.68 , 28.54 , 29.65 , 30.17 , 30.13 , 29.29 , 29.43 , 29.06 , 28.70 , 28.17 , 28.12 , 27.34 , 26.66 
sub190,13.592,13.154,12.761,12.498,12.294,12.148,12.096,12.123,12.284,12.982,14.383,16.817,19.424,19.976,19.071,18.829,19.654,21.261,22.000,22.594,22.796,23.054,23.187,23.237,22.729,22.245,22.234,22.909,23.052,23.094,22.850,22.787,22.983,22.620,20.419,18.889,19.410,21.164,23.139,23.432,22.742,21.645,20.269,18.779,17.342,16.017,14.909,14.127
sub191,28.246,27.473,27.050,26.525,26.044,25.909,25.619,25.544,25.814,26.703,28.389,32.016,35.249,35.615,33.868,31.885,30.920,32.098,33.056,33.803,34.667,35.507,36.071,36.408,35.758,35.213,35.390,36.419,36.120,36.282,35.963,35.883,35.757,35.912,35.734,36.960,40.180,44.170,44.623,43.251,41.560,39.563,37.159,34.933,32.641,31.937,30.167,29.154
sub192,21.051,20.368,20.036,19.721,19.315,19.156,19.010,18.937,19.215,20.278,22.175,26.167,27.938,26.293,23.588,21.645,20.698,20.687,20.778,20.867,20.966,20.958,21.211,21.385,21.167,21.002,21.348,21.814,22.127,22.399,22.526,22.790,23.340,24.104,24.257,24.886,27.359,30.762,32.476,32.077,31.213,29.823,28.163,26.511,24.768,23.903,22.399,21.694
sub193,42.866,41.979,41.236,40.510,39.742,39.211,38.590,37.969,37.493,37.274,37.548,38.475,38.377,37.062,35.485,34.205,33.949,35.839,36.633,37.185,37.434,37.533,37.770,37.737,36.873,36.409,37.433,39.439,40.168,40.759,40.608,40.817,40.932,40.694,39.747,40.050,43.649,49.216,53.275,54.397,54.241,53.634,51.988,50.096,48.177,47.187,45.866,44.299
sub194, 31.99 , 30.89 , 30.54 , 30.50 , 30.02 , 29.65 , 29.24 , 28.93 , 28.55 , 28.46 , 28.32 , 28.98 , 29.31 , 28.54 , 26.55 , 25.51 , 27.76 , 30.41 , 31.29 , 31.72 , 31.71 , 31.91 , 32.04 , 31.66 , 29.80 , 29.59 , 31.25 , 33.52 , 34.21 , 34.61 , 34.67 , 34.69 , 34.47 , 33.83 , 31.19 , 31.17 , 32.80 , 34.48 , 35.09 , 35.13 , 35.14 , 35.79 , 36.14 , 35.97 , 35.57 , 35.10 , 34.16 , 33.25 
sub195,12.31069883,11.51564768,10.80829571,10.05377211,9.192364721,8.815730772,8.596660073,8.903222224,9.028410447,9.717699683,10.9140593,13.30670692,14.76471896,12.90209472,9.254314703,6.546816817,5.433381208,7.490980926,8.881107297,10.04965465,10.54914995,11.46628515,12.50300876,12.93971409,11.65921471,10.82414562,11.20587779,12.87684251,12.89996732,12.37917882,12.25320794,11.44613352,11.45922413,11.02681532,11.23277805,12.32415648,16.42761884,25.62254811,30.30805089,28.70219137,26.71739353,25.6614258,23.72726751,21.43256373,19.16561851,17.44529852,15.41870581,13.73993249
sub196,21.811,21.308,20.689,20.388,19.961,19.762,19.535,19.538,19.671,20.887,22.874,25.978,26.687,24.528,21.655,19.797,18.948,18.713,18.448,18.604,18.525,18.512,18.600,18.448,18.239,18.153,18.681,19.645,20.069,20.314,20.533,20.948,21.811,22.606,22.803,23.600,25.683,29.162,31.368,31.520,30.987,29.965,28.483,26.867,25.165,24.454,23.284,22.590
sub197, 16.57 , 15.73 , 15.92 , 16.55 , 16.33 , 16.05 , 15.60 , 15.50 , 15.23 , 15.14 , 14.79 , 15.57 , 17.13 , 17.44 , 17.10 , 17.11 , 20.67 , 25.02 , 27.15 , 27.45 , 27.43 , 27.55 , 27.54 , 26.72 , 23.05 , 21.34 , 24.74 , 28.17 , 28.76 , 28.80 , 28.22 , 28.57 , 28.19 , 27.30 , 23.84 , 22.51 , 23.39 , 23.60 , 23.52 , 22.72 , 21.43 , 21.49 , 21.10 , 20.39 , 19.72 , 19.11 , 18.59 , 17.77 
sub198, 42.81 , 41.72 , 41.03 , 40.34 , 39.76 , 39.55 , 39.12 , 39.02 , 38.71 , 38.87 , 39.07 , 40.00 , 40.29 , 39.61 , 38.61 , 38.57 , 38.70 , 40.44 , 40.86 , 41.55 , 41.89 , 42.23 , 42.25 , 42.30 , 41.36 , 41.26 , 41.89 , 43.33 , 43.62 , 43.86 , 43.83 , 43.54 , 43.11 , 42.80 , 41.62 , 41.59 , 43.22 , 46.15 , 48.04 , 48.65 , 48.21 , 48.21 , 47.77 , 47.34 , 46.31 , 46.39 , 45.17 , 44.00 
sub199,24.817,24.166,23.620,23.227,22.864,22.545,22.279,22.195,22.247,22.843,24.046,27.239,30.715,30.850,28.308,25.933,24.632,24.334,24.159,24.205,24.339,24.337,24.539,24.766,24.520,24.131,24.381,25.157,25.596,25.780,25.822,25.959,26.127,26.608,27.117,28.405,31.641,35.538,37.140,36.566,35.407,33.788,31.894,29.974,28.354,27.683,26.540,25.572
sub200,17.29879268,16.82945477,16.59758389,16.38724643,16.39311451,16.16500399,15.94100523,15.48779866,15.35804928,15.4012793,15.71747344,16.37970235,16.83680299,18.07049357,19.08305696,19.60662408,20.35876568,20.88205236,24.01002057,25.35946315,26.01597853,26.49185634,26.76528621,26.6514458,25.43963001,25.71751919,27.09839865,28.02867288,27.57111175,24.90841138,24.64083026,24.48791461,24.71738,24.26278914,23.48346118,23.72684262,27.17760156,29.25659064,25.96159677,25.2498956,22.05884037,21.11286742,20.5029124,19.96951212,19.88711063,19.53900717,18.83743897,18.44152707
sub201,14.915,14.465,14.220,13.900,13.639,13.400,13.158,12.946,12.753,12.754,12.946,13.463,14.040,14.121,13.722,13.294,13.356,13.725,14.151,14.432,14.611,14.912,15.114,15.334,15.141,15.034,15.665,16.802,17.265,17.549,17.655,17.669,17.337,17.118,16.410,16.329,16.826,17.561,18.271,18.380,18.305,18.128,18.011,17.735,17.214,16.925,16.493,15.735
sub202,32.890,31.614,30.618,29.733,28.895,28.307,27.618,27.190,26.865,26.918,27.647,29.247,30.270,30.242,28.941,28.031,28.073,29.410,30.502,31.090,31.918,32.305,32.733,33.207,33.111,33.353,34.504,36.366,37.348,37.739,38.030,38.070,37.507,36.705,35.419,35.264,37.576,40.467,42.981,43.873,43.930,43.497,42.325,40.952,39.071,37.818,36.150,34.482
sub203,31.437,30.894,30.891,30.788,30.337,30.239,29.991,30.047,30.158,30.769,31.827,34.444,36.184,34.951,31.952,29.985,28.626,28.341,27.695,28.308,28.436,28.775,29.284,29.537,29.144,28.902,29.637,30.457,30.801,31.194,31.381,31.635,32.036,32.756,32.792,33.680,35.843,38.958,40.013,40.018,39.383,38.655,36.853,36.245,34.973,34.380,33.536,32.812
sub204,13.884,13.529,13.364,13.156,12.946,12.776,12.508,12.457,12.653,13.342,14.151,15.015,15.184,14.442,13.334,12.968,12.716,13.030,12.589,11.746,11.642,11.763,11.816,11.820,11.538,11.431,11.667,12.311,12.419,12.462,12.509,12.720,12.544,12.585,12.100,11.898,12.494,13.677,14.290,14.531,14.599,14.750,14.569,14.085,15.040,14.779,14.809,14.321
sub205, 49.40 , 48.08 , 46.95 , 46.16 , 45.25 , 44.51 , 43.78 , 43.22 , 42.83 , 42.64 , 42.87 , 44.29 , 45.04 , 44.90 , 44.24 , 45.11 , 49.39 , 55.87 , 58.47 , 60.09 , 60.79 , 61.75 , 62.37 , 62.42 , 59.56 , 57.99 , 60.62 , 64.67 , 65.25 , 65.28 , 64.76 , 64.24 , 62.60 , 60.29 , 55.71 , 53.88 , 55.40 , 57.94 , 58.73 , 58.51 , 57.54 , 57.44 , 57.32 , 56.75 , 55.30 , 54.72 , 53.06 , 51.32 
sub206,23.852,22.603,22.452,21.489,21.283,20.368,20.278,19.511,19.505,19.188,19.275,19.613,19.799,20.003,19.463,19.017,18.996,19.764,20.905,21.678,22.580,23.437,23.657,24.250,24.190,24.013,24.147,24.818,25.428,26.248,26.307,26.473,26.183,25.619,24.855,23.809,25.101,27.126,28.344,29.040,29.105,28.837,28.090,26.983,25.945,25.216,25.197,24.083
sub207,46.478,44.452,42.713,41.402,40.067,39.043,38.077,37.429,37.229,37.263,37.697,39.304,41.286,42.248,42.060,41.229,42.157,44.600,45.357,46.242,46.970,47.632,48.386,48.987,48.064,47.382,48.990,51.708,52.540,53.266,53.545,53.652,53.483,52.752,50.861,50.103,51.908,55.451,58.931,60.423,60.395,60.262,59.017,57.125,54.893,54.212,51.297,48.853
sub208, 51.67 , 49.94 , 48.58 , 47.56 , 46.66 , 45.83 , 44.99 , 44.31 , 43.72 , 43.46 , 43.22 , 43.18 , 43.48 , 43.09 , 41.78 , 40.28 , 40.14 , 43.18 , 44.86 , 46.93 , 48.29 , 48.75 , 49.09 , 49.43 , 49.05 , 48.09 , 48.74 , 51.34 , 52.14 , 52.60 , 52.69 , 53.01 , 52.97 , 52.62 , 51.17 , 50.14 , 51.51 , 53.49 , 55.11 , 55.53 , 55.50 , 56.00 , 56.80 , 56.59 , 56.42 , 55.82 , 54.95 , 53.38 
sub209, 40.72 , 39.91 , 40.02 , 40.40 , 39.88 , 38.86 , 39.00 , 38.29 , 37.73 , 36.53 , 35.58 , 36.06 , 37.16 , 37.15 , 35.83 , 35.57 , 38.33 , 44.55 , 46.57 , 46.61 , 46.93 , 48.01 , 47.90 , 46.49 , 42.32 , 42.52 , 46.17 , 49.74 , 50.52 , 50.08 , 50.13 , 51.05 , 50.68 , 49.15 , 45.57 , 45.02 , 47.27 , 48.70 , 48.25 , 47.63 , 47.43 , 47.79 , 47.99 , 46.69 , 46.51 , 45.74 , 44.54 , 42.75 
sub210,45.98635932,44.54574299,43.41642107,42.4270393,41.5940967,40.8950342,40.33293288,39.99305072,39.7660815,40.10296775,41.20299627,43.47973435,45.37873482,45.27419113,42.84012296,42.02354347,43.42080983,47.00264179,49.90560209,52.19349105,54.22252253,55.40542208,56.11140992,56.18057799,55.11194214,54.63581474,55.2024026,57.14976271,57.43670509,57.22799005,56.75862681,55.89091649,54.62200883,53.32166374,51.3846158,51.09399475,52.83515762,57.8990534,61.48775557,61.69744155,60.88009284,60.05588863,58.14382614,55.78721967,53.5279805,51.46101399,49.69720388,47.7090169
sub211,5.559638414,5.319541469,5.163454338,5.058321282,4.954639436,4.864986073,4.804518389,4.737762162,4.663910897,4.702610288,4.948511997,5.395005196,5.68113698,6.103750404,6.091462368,6.442096381,6.452877537,6.720858812,6.66659561,6.245725575,6.217825651,6.242049205,6.213496335,6.050427301,5.67716907,5.381524683,5.551162467,5.941118378,6.099414543,6.220005277,6.284089915,6.312399862,6.558705038,6.613265416,6.35087121,6.167883315,6.172939766,6.780601342,7.30626686,7.342869904,7.82000013,7.442036984,7.154694652,6.810709439,6.455527245,6.233651325,5.948888919,5.676058833
sub212,14.092,13.656,13.249,12.920,12.589,12.254,11.965,11.731,11.552,11.408,11.309,11.264,11.239,11.260,11.330,11.500,11.746,12.255,12.888,13.520,13.882,14.299,14.749,15.022,15.182,15.265,15.365,15.657,15.942,16.131,16.247,16.315,16.370,16.261,15.987,15.749,15.681,15.750,15.893,15.955,15.957,15.884,15.777,15.683,15.570,15.213,14.888,14.481
sub213,24.535,23.511,22.814,22.461,21.980,21.431,21.033,20.689,20.443,20.233,20.004,19.850,20.177,20.974,20.824,21.002,21.920,26.120,26.938,27.332,27.184,28.021,28.106,27.928,24.849,24.418,25.642,29.569,29.926,30.113,29.534,30.120,30.032,29.228,26.374,23.632,25.415,27.485,28.405,28.834,29.107,29.166,28.564,28.620,27.710,27.571,26.810,25.852
sub214,13.229,12.876,12.536,12.287,12.060,11.913,11.819,11.956,12.112,12.563,13.292,14.877,16.363,16.705,16.321,15.776,16.121,16.675,16.731,16.851,16.846,16.935,16.964,16.958,16.436,16.407,16.829,17.884,18.189,18.395,18.408,18.410,18.232,18.215,17.419,17.533,18.339,20.016,21.093,21.381,20.740,19.926,18.775,17.566,16.456,15.692,14.626,13.912
sub215,16.97057587,16.61262049,15.63946394,15.01958803,14.77120532,14.74534563,14.45691688,13.7832139,13.33741125,13.47589704,13.6318388,14.04691787,13.97555378,13.84198592,13.63367627,14.12730718,14.86456501,16.11534166,16.34775459,16.87572999,17.69108029,18.58733331,18.93561494,18.49703835,17.85488533,17.75096019,18.02825604,18.96739526,18.60401278,18.74238335,18.93107531,19.06375146,18.85741319,18.63807991,17.66457208,17.22476823,17.67435391,18.82790678,19.73761656,19.62555792,19.47250747,19.70081312,19.89207213,19.87776174,18.67312695,18.54209912,18.04784671,17.46353124
sub216, 38.28 , 37.10 , 37.00 , 37.91 , 37.20 , 36.57 , 35.79 , 36.33 , 35.47 , 35.25 , 34.88 , 36.34 , 36.48 , 35.43 , 32.88 , 31.66 , 32.90 , 38.45 , 39.36 , 40.08 , 39.25 , 41.35 , 41.35 , 41.05 , 37.21 , 36.67 , 39.26 , 43.80 , 44.27 , 44.18 , 43.45 , 44.81 , 44.33 , 43.19 , 37.62 , 37.90 , 42.23 , 45.51 , 47.47 , 48.05 , 47.61 , 48.07 , 47.18 , 45.83 , 43.67 , 43.62 , 42.35 , 41.00 
sub217,23.747,22.898,22.156,21.534,21.051,20.703,20.353,20.098,19.897,19.801,20.168,21.440,22.687,23.463,23.547,23.278,23.594,24.658,25.190,25.711,26.496,26.877,27.423,27.683,27.708,27.457,28.001,29.147,29.546,29.802,29.542,29.216,28.845,28.254,27.163,26.939,28.660,31.312,33.849,34.800,34.504,33.738,32.416,30.886,29.273,27.755,26.091,24.821
sub218,13.876,13.238,12.734,12.285,11.884,11.508,11.152,10.855,10.658,10.534,10.479,10.553,10.638,10.678,10.578,10.753,11.074,11.980,12.804,13.461,13.961,14.311,14.527,14.703,14.725,14.695,15.033,15.696,16.038,16.252,16.267,16.125,15.841,15.234,14.525,14.210,14.554,15.405,16.160,16.542,16.707,16.854,16.910,16.726,16.358,15.744,15.190,14.486
sub219, 32.29 , 31.21 , 30.54 , 30.53 , 29.99 , 29.66 , 29.37 , 29.27 , 29.23 , 29.34 , 29.73 , 30.39 , 30.50 , 29.21 , 27.76 , 27.23 , 28.54 , 30.57 , 31.56 , 32.64 , 33.48 , 34.05 , 34.31 , 34.42 , 32.77 , 32.49 , 34.17 , 35.95 , 36.28 , 36.39 , 36.10 , 35.78 , 35.22 , 34.16 , 31.83 , 31.50 , 32.37 , 34.32 , 36.21 , 36.82 , 36.81 , 36.95 , 36.76 , 36.36 , 35.63 , 34.80 , 33.99 , 33.12 
sub220,18.242,17.494,16.963,16.373,15.948,15.555,15.239,15.019,14.810,14.656,14.697,15.019,15.388,15.889,15.963,15.990,16.795,17.945,18.397,18.932,19.345,19.733,19.972,20.165,20.181,20.076,20.380,21.309,21.706,21.993,22.229,22.360,22.432,22.154,21.464,20.756,20.976,21.567,22.321,22.728,22.889,22.940,22.767,22.234,21.593,20.819,19.913,19.059
sub221,24.110,23.118,23.089,22.344,22.352,21.889,21.875,21.359,21.370,21.211,21.208,22.649,22.667,24.030,23.936,22.647,22.561,21.572,21.626,22.312,22.428,22.909,22.935,23.306,23.313,23.216,23.177,23.101,23.290,24.028,24.007,23.886,24.034,23.577,23.499,23.273,24.750,28.780,31.060,33.340,33.305,31.640,31.493,28.041,27.849,24.920,24.982,24.134
sub222,33.05649293,32.00587809,31.2272864,30.63249757,30.0286963,29.60263671,29.17749741,28.85324023,28.59457706,28.56528665,28.62818328,29.0813119,29.75397577,30.09628955,29.40061859,29.80519431,30.96611625,33.07543807,34.82473859,36.08282979,37.22572686,38.0688336,38.48864161,38.64580253,38.19516633,37.88449127,38.15229381,38.97184152,39.42491033,39.82159312,39.67349092,39.81702343,39.6405301,39.01279074,38.46065229,37.71852288,37.29474813,38.18215543,39.74501917,39.92,39.67869528,39.16857255,38.82914655,38.28673325,37.50422373,36.65200935,35.66901949,34.35790092
sub223, 22.12 , 21.39 , 20.85 , 20.28 , 19.88 , 19.57 , 19.23 , 18.92 , 18.69 , 18.59 , 18.58 , 18.85 , 18.83 , 18.73 , 18.36 , 18.94 , 20.10 , 22.04 , 23.52 , 24.12 , 24.84 , 25.16 , 25.45 , 25.65 , 25.73 , 25.95 , 26.40 , 27.21 , 27.43 , 27.36 , 27.32 , 26.85 , 26.21 , 25.16 , 23.92 , 23.46 , 24.03 , 25.46 , 26.59 , 27.01 , 26.53 , 26.15 , 26.03 , 25.54 , 25.00 , 24.46 , 23.72 , 22.90 
sub224,17.318,16.812,16.373,15.922,15.641,15.387,15.093,14.938,14.982,15.133,15.497,16.230,16.320,16.232,15.902,15.701,15.663,16.356,17.157,17.958,18.630,19.099,19.307,19.600,19.434,19.414,19.622,20.187,20.476,20.564,20.499,20.356,20.016,19.558,19.189,19.375,20.823,22.549,23.300,23.166,22.709,22.150,21.316,20.507,19.514,19.104,18.697,17.997
sub225,17.715,17.125,16.627,16.239,15.890,15.611,15.405,15.245,15.188,15.408,15.602,16.564,18.064,18.884,18.498,17.882,17.716,17.833,17.995,18.255,18.315,18.434,18.519,18.668,18.588,18.482,18.538,19.151,19.556,19.925,19.963,19.908,19.920,19.789,19.422,19.096,19.732,21.315,23.265,24.307,24.450,24.066,23.346,22.353,21.300,20.339,19.382,18.439
sub226,34.48386305,34.03221,33.39711432,33.21439704,32.83605411,32.67862292,32.47374683,32.27624405,32.08041009,32.47418418,33.41618191,34.90469539,36.17337203,34.28841656,30.4091589,28.8407919,28.51283482,29.13712686,29.67340711,30.45037631,30.5766588,30.55374045,30.2690119,29.79464216,28.79614057,28.44607055,28.82994113,30.11410905,30.27887821,30.43559478,30.55725961,30.34351272,29.5616497,28.41883566,27.85647654,28.32952473,31.17907761,36.55661057,40.75139059,41.43298581,41.33674079,40.89825369,40.25219236,39.46108731,38.10903334,37.60419319,36.40110883,35.35931259
